file,make,model,year,fob,series,press,freq_mhz,expected_proto,decoded_proto,decoded_ok,classified_ok,te_est_us,n_pulses
SynMotors_RollGuard000_2016_fobA_series1_press1.sub,SynMotors,RollGuard000,2016,A,1,1,433.92,KeeLoq-HCS300,KeeLoq-HCS300,1,1,400,156
SynMotors_RollGuard000_2016_fobA_series1_press2.sub,SynMotors,RollGuard000,2016,A,1,2,433.92,KeeLoq-HCS300,KeeLoq-HCS300,1,1,400,156
SynMotors_RollGuard000_2016_fobA_series1_press3.sub,SynMotors,RollGuard000,2016,A,1,3,433.92,KeeLoq-HCS300,KeeLoq-HCS300,1,1,400,156
SynGate_SecPlusII001_2017_fobA_series1_press1.sub,SynGate,SecPlusII001,2017,A,1,1,315.00,Security+2.0,Security+2.0,1,1,240,165
SynGate_SecPlusII001_2017_fobA_series1_press2.sub,SynGate,SecPlusII001,2017,A,1,2,315.00,Security+2.0,Security+2.0,1,1,240,165
SynGate_SecPlusII001_2017_fobA_series1_press3.sub,SynGate,SecPlusII001,2017,A,1,3,315.00,Security+2.0,Security+2.0,1,1,240,165
SynGate_SecPlusI002_2018_fobA_series1_press1.sub,SynGate,SecPlusI002,2018,A,1,1,315.00,Security+1.0,(no-decode),0,0,400,100
SynGate_SecPlusI002_2018_fobA_series1_press2.sub,SynGate,SecPlusI002,2018,A,1,2,315.00,Security+1.0,(no-decode),0,0,400,100
SynGate_SecPlusI002_2018_fobA_series1_press3.sub,SynGate,SecPlusI002,2018,A,1,3,315.00,Security+1.0,(no-decode),0,0,400,100
SynPortal_HanRoll003_2019_fobA_series1_press1.sub,SynPortal,HanRoll003,2019,A,1,1,433.92,DoorHan-Rolling,DoorHan-Rolling,1,1,816,84
SynPortal_HanRoll003_2019_fobA_series1_press2.sub,SynPortal,HanRoll003,2019,A,1,2,433.92,DoorHan-Rolling,DoorHan-Rolling,1,1,816,84
SynPortal_HanRoll003_2019_fobA_series1_press3.sub,SynPortal,HanRoll003,2019,A,1,3,433.92,DoorHan-Rolling,DoorHan-Rolling,1,1,816,84
SynBarrier_Cam12004_2020_fobA_series1_press1.sub,SynBarrier,Cam12004,2020,A,1,1,433.92,CAME-12,CAME-12,1,1,336,34
SynBarrier_Cam12004_2020_fobA_series1_press2.sub,SynBarrier,Cam12004,2020,A,1,2,433.92,CAME-12,CAME-12,1,1,336,34
SynBarrier_Cam12004_2020_fobA_series1_press3.sub,SynBarrier,Cam12004,2020,A,1,3,433.92,CAME-12,CAME-12,1,1,336,34
SynBarrier_FloFix005_2021_fobA_series1_press1.sub,SynBarrier,FloFix005,2021,A,1,1,433.92,Nice-FLO,Nice-FLO,1,1,592,39
SynBarrier_FloFix005_2021_fobA_series1_press2.sub,SynBarrier,FloFix005,2021,A,1,2,433.92,Nice-FLO,Nice-FLO,1,1,592,39
SynBarrier_FloFix005_2021_fobA_series1_press3.sub,SynBarrier,FloFix005,2021,A,1,3,433.92,Nice-FLO,Nice-FLO,1,1,592,39
SynClone_HT6006_2022_fobA_series1_press1.sub,SynClone,HT6006,2022,A,1,1,433.92,Holtek-HT6P20,Holtek-HT6P20,1,1,176,82
SynClone_HT6006_2022_fobA_series1_press2.sub,SynClone,HT6006,2022,A,1,2,433.92,Holtek-HT6P20,Holtek-HT6P20,1,1,176,82
SynClone_HT6006_2022_fobA_series1_press3.sub,SynClone,HT6006,2022,A,1,3,433.92,Holtek-HT6P20,Holtek-HT6P20,1,1,176,82
SynPortal_SlhFix007_2023_fobA_series1_press1.sub,SynPortal,SlhFix007,2023,A,1,1,433.92,FAAC-SLH,FAAC-SLH,1,1,304,168
SynPortal_SlhFix007_2023_fobA_series1_press2.sub,SynPortal,SlhFix007,2023,A,1,2,433.92,FAAC-SLH,FAAC-SLH,1,1,304,168
SynPortal_SlhFix007_2023_fobA_series1_press3.sub,SynPortal,SlhFix007,2023,A,1,3,433.92,FAAC-SLH,FAAC-SLH,1,1,304,168
SynClone_Anso12008_2024_fobA_series1_press1.sub,SynClone,Anso12008,2024,A,1,1,433.92,Ansonic-12,Ansonic-12,1,1,592,74
SynClone_Anso12008_2024_fobA_series1_press2.sub,SynClone,Anso12008,2024,A,1,2,433.92,Ansonic-12,Ansonic-12,1,1,592,74
SynClone_Anso12008_2024_fobA_series1_press3.sub,SynClone,Anso12008,2024,A,1,3,433.92,Ansonic-12,Ansonic-12,1,1,592,74
SynBarrier_Multi10009_2016_fobA_series1_press1.sub,SynBarrier,Multi10009,2016,A,1,1,300.00,Linear-10,Linear-10,1,1,1008,24
SynBarrier_Multi10009_2016_fobA_series1_press2.sub,SynBarrier,Multi10009,2016,A,1,2,300.00,Linear-10,Linear-10,1,1,1008,24
SynBarrier_Multi10009_2016_fobA_series1_press3.sub,SynBarrier,Multi10009,2016,A,1,3,300.00,Linear-10,Linear-10,1,1,1008,24
SynClone_GatePT010_2017_fobA_series1_press1.sub,SynClone,GatePT010,2017,A,1,1,433.92,PT2262,PT2262,1,1,1008,48
SynClone_GatePT010_2017_fobA_series1_press2.sub,SynClone,GatePT010,2017,A,1,2,433.92,PT2262,PT2262,1,1,1008,48
SynClone_GatePT010_2017_fobA_series1_press3.sub,SynClone,GatePT010,2017,A,1,3,433.92,PT2262,PT2262,1,1,1008,48
SynClone_GateEV011_2018_fobA_series1_press1.sub,SynClone,GateEV011,2018,A,1,1,315.00,EV1527,EV1527,1,1,656,40
SynClone_GateEV011_2018_fobA_series1_press2.sub,SynClone,GateEV011,2018,A,1,2,315.00,EV1527,EV1527,1,1,656,40
SynClone_GateEV011_2018_fobA_series1_press3.sub,SynClone,GateEV011,2018,A,1,3,315.00,EV1527,EV1527,1,1,656,40
SynWheel_Sensor20012_2019_fobA_series1_press1.sub,SynWheel,Sensor20012,2019,A,1,1,433.92,TPMS,TPMS,1,1,496,64
SynWheel_Sensor20012_2019_fobA_series1_press2.sub,SynWheel,Sensor20012,2019,A,1,2,433.92,TPMS,TPMS,1,1,496,64
SynWheel_Sensor20012_2019_fobA_series1_press3.sub,SynWheel,Sensor20012,2019,A,1,3,433.92,TPMS,TPMS,1,1,496,64
SynMotors_RollGuard013_2020_fobA_series2_press1.sub,SynMotors,RollGuard013,2020,A,2,1,433.92,KeeLoq-HCS300,KeeLoq-HCS300,1,1,400,156
SynMotors_RollGuard013_2020_fobA_series2_press2.sub,SynMotors,RollGuard013,2020,A,2,2,433.92,KeeLoq-HCS300,KeeLoq-HCS300,1,1,400,156
SynMotors_RollGuard013_2020_fobA_series2_press3.sub,SynMotors,RollGuard013,2020,A,2,3,433.92,KeeLoq-HCS300,KeeLoq-HCS300,1,1,400,156
SynGate_SecPlusII014_2021_fobA_series2_press1.sub,SynGate,SecPlusII014,2021,A,2,1,315.00,Security+2.0,Security+2.0,1,1,240,165
SynGate_SecPlusII014_2021_fobA_series2_press2.sub,SynGate,SecPlusII014,2021,A,2,2,315.00,Security+2.0,Security+2.0,1,1,240,165
SynGate_SecPlusII014_2021_fobA_series2_press3.sub,SynGate,SecPlusII014,2021,A,2,3,315.00,Security+2.0,Security+2.0,1,1,112,165
SynGate_SecPlusI015_2022_fobA_series2_press1.sub,SynGate,SecPlusI015,2022,A,2,1,315.00,Security+1.0,(no-decode),0,0,400,100
SynGate_SecPlusI015_2022_fobA_series2_press2.sub,SynGate,SecPlusI015,2022,A,2,2,315.00,Security+1.0,(no-decode),0,0,400,100
SynGate_SecPlusI015_2022_fobA_series2_press3.sub,SynGate,SecPlusI015,2022,A,2,3,315.00,Security+1.0,(no-decode),0,0,400,100
SynPortal_HanRoll016_2023_fobA_series2_press1.sub,SynPortal,HanRoll016,2023,A,2,1,433.92,DoorHan-Rolling,DoorHan-Rolling,1,1,816,84
SynPortal_HanRoll016_2023_fobA_series2_press2.sub,SynPortal,HanRoll016,2023,A,2,2,433.92,DoorHan-Rolling,DoorHan-Rolling,1,1,816,84
SynPortal_HanRoll016_2023_fobA_series2_press3.sub,SynPortal,HanRoll016,2023,A,2,3,433.92,DoorHan-Rolling,DoorHan-Rolling,1,1,816,84
SynBarrier_Cam12017_2024_fobA_series2_press1.sub,SynBarrier,Cam12017,2024,A,2,1,433.92,CAME-12,CAME-12,1,1,336,34
SynBarrier_Cam12017_2024_fobA_series2_press2.sub,SynBarrier,Cam12017,2024,A,2,2,433.92,CAME-12,CAME-12,1,1,336,34
SynBarrier_Cam12017_2024_fobA_series2_press3.sub,SynBarrier,Cam12017,2024,A,2,3,433.92,CAME-12,CAME-12,1,1,336,34
SynBarrier_FloFix018_2016_fobA_series2_press1.sub,SynBarrier,FloFix018,2016,A,2,1,433.92,Nice-FLO,Nice-FLO,1,1,592,39
SynBarrier_FloFix018_2016_fobA_series2_press2.sub,SynBarrier,FloFix018,2016,A,2,2,433.92,Nice-FLO,Nice-FLO,1,1,592,39
SynBarrier_FloFix018_2016_fobA_series2_press3.sub,SynBarrier,FloFix018,2016,A,2,3,433.92,Nice-FLO,Nice-FLO,1,1,592,39
SynClone_HT6019_2017_fobA_series2_press1.sub,SynClone,HT6019,2017,A,2,1,433.92,Holtek-HT6P20,Holtek-HT6P20,1,1,176,82
SynClone_HT6019_2017_fobA_series2_press2.sub,SynClone,HT6019,2017,A,2,2,433.92,Holtek-HT6P20,Holtek-HT6P20,1,1,176,82
SynClone_HT6019_2017_fobA_series2_press3.sub,SynClone,HT6019,2017,A,2,3,433.92,Holtek-HT6P20,Holtek-HT6P20,1,1,176,82
SynPortal_SlhFix020_2018_fobA_series2_press1.sub,SynPortal,SlhFix020,2018,A,2,1,433.92,FAAC-SLH,FAAC-SLH,1,1,304,168
SynPortal_SlhFix020_2018_fobA_series2_press2.sub,SynPortal,SlhFix020,2018,A,2,2,433.92,FAAC-SLH,FAAC-SLH,1,1,304,168
SynPortal_SlhFix020_2018_fobA_series2_press3.sub,SynPortal,SlhFix020,2018,A,2,3,433.92,FAAC-SLH,FAAC-SLH,1,1,304,168
SynClone_Anso12021_2019_fobA_series2_press1.sub,SynClone,Anso12021,2019,A,2,1,433.92,Ansonic-12,Ansonic-12,1,1,592,74
SynClone_Anso12021_2019_fobA_series2_press2.sub,SynClone,Anso12021,2019,A,2,2,433.92,Ansonic-12,Ansonic-12,1,1,592,74
SynClone_Anso12021_2019_fobA_series2_press3.sub,SynClone,Anso12021,2019,A,2,3,433.92,Ansonic-12,Ansonic-12,1,1,592,74
SynBarrier_Multi10022_2020_fobA_series2_press1.sub,SynBarrier,Multi10022,2020,A,2,1,300.00,Linear-10,Linear-10,1,1,1008,24
SynBarrier_Multi10022_2020_fobA_series2_press2.sub,SynBarrier,Multi10022,2020,A,2,2,300.00,Linear-10,Linear-10,1,1,1008,24
SynBarrier_Multi10022_2020_fobA_series2_press3.sub,SynBarrier,Multi10022,2020,A,2,3,300.00,Linear-10,Linear-10,1,1,1008,24
SynClone_GatePT023_2021_fobA_series2_press1.sub,SynClone,GatePT023,2021,A,2,1,433.92,PT2262,PT2262,1,1,1008,48
SynClone_GatePT023_2021_fobA_series2_press2.sub,SynClone,GatePT023,2021,A,2,2,433.92,PT2262,PT2262,1,1,1008,48
SynClone_GatePT023_2021_fobA_series2_press3.sub,SynClone,GatePT023,2021,A,2,3,433.92,PT2262,PT2262,1,1,1008,48
SynClone_GateEV024_2022_fobA_series2_press1.sub,SynClone,GateEV024,2022,A,2,1,315.00,EV1527,EV1527,1,1,656,40
SynClone_GateEV024_2022_fobA_series2_press2.sub,SynClone,GateEV024,2022,A,2,2,315.00,EV1527,EV1527,1,1,656,40
SynClone_GateEV024_2022_fobA_series2_press3.sub,SynClone,GateEV024,2022,A,2,3,315.00,EV1527,EV1527,1,1,656,40
SynWheel_Sensor20025_2023_fobA_series2_press1.sub,SynWheel,Sensor20025,2023,A,2,1,433.92,TPMS,TPMS,1,1,496,64
SynWheel_Sensor20025_2023_fobA_series2_press2.sub,SynWheel,Sensor20025,2023,A,2,2,433.92,TPMS,TPMS,1,1,496,64
SynWheel_Sensor20025_2023_fobA_series2_press3.sub,SynWheel,Sensor20025,2023,A,2,3,433.92,TPMS,TPMS,1,1,496,64
SynMotors_RollGuard026_2024_fobA_series3_press1.sub,SynMotors,RollGuard026,2024,A,3,1,433.92,KeeLoq-HCS300,KeeLoq-HCS300,1,1,400,156
SynMotors_RollGuard026_2024_fobA_series3_press2.sub,SynMotors,RollGuard026,2024,A,3,2,433.92,KeeLoq-HCS300,KeeLoq-HCS300,1,1,400,156
SynMotors_RollGuard026_2024_fobA_series3_press3.sub,SynMotors,RollGuard026,2024,A,3,3,433.92,KeeLoq-HCS300,KeeLoq-HCS300,1,1,400,156
SynGate_SecPlusII027_2016_fobA_series3_press1.sub,SynGate,SecPlusII027,2016,A,3,1,315.00,Security+2.0,Security+2.0,1,1,240,165
SynGate_SecPlusII027_2016_fobA_series3_press2.sub,SynGate,SecPlusII027,2016,A,3,2,315.00,Security+2.0,Security+2.0,1,1,240,165
SynGate_SecPlusII027_2016_fobA_series3_press3.sub,SynGate,SecPlusII027,2016,A,3,3,315.00,Security+2.0,Security+2.0,1,1,240,165
SynGate_SecPlusI028_2017_fobA_series3_press1.sub,SynGate,SecPlusI028,2017,A,3,1,315.00,Security+1.0,(no-decode),0,0,400,100
SynGate_SecPlusI028_2017_fobA_series3_press2.sub,SynGate,SecPlusI028,2017,A,3,2,315.00,Security+1.0,(no-decode),0,0,400,100
SynGate_SecPlusI028_2017_fobA_series3_press3.sub,SynGate,SecPlusI028,2017,A,3,3,315.00,Security+1.0,(no-decode),0,0,400,100
SynPortal_HanRoll029_2018_fobA_series3_press1.sub,SynPortal,HanRoll029,2018,A,3,1,433.92,DoorHan-Rolling,DoorHan-Rolling,1,1,816,84
SynPortal_HanRoll029_2018_fobA_series3_press2.sub,SynPortal,HanRoll029,2018,A,3,2,433.92,DoorHan-Rolling,DoorHan-Rolling,1,1,816,84
SynPortal_HanRoll029_2018_fobA_series3_press3.sub,SynPortal,HanRoll029,2018,A,3,3,433.92,DoorHan-Rolling,DoorHan-Rolling,1,1,816,84
SynBarrier_Cam12030_2019_fobA_series3_press1.sub,SynBarrier,Cam12030,2019,A,3,1,433.92,CAME-12,CAME-12,1,1,336,34
SynBarrier_Cam12030_2019_fobA_series3_press2.sub,SynBarrier,Cam12030,2019,A,3,2,433.92,CAME-12,CAME-12,1,1,336,34
SynBarrier_Cam12030_2019_fobA_series3_press3.sub,SynBarrier,Cam12030,2019,A,3,3,433.92,CAME-12,CAME-12,1,1,336,34
SynBarrier_FloFix031_2020_fobA_series3_press1.sub,SynBarrier,FloFix031,2020,A,3,1,433.92,Nice-FLO,Nice-FLO,1,1,592,39
SynBarrier_FloFix031_2020_fobA_series3_press2.sub,SynBarrier,FloFix031,2020,A,3,2,433.92,Nice-FLO,Nice-FLO,1,1,592,39
SynBarrier_FloFix031_2020_fobA_series3_press3.sub,SynBarrier,FloFix031,2020,A,3,3,433.92,Nice-FLO,Nice-FLO,1,1,592,39
SynClone_HT6032_2021_fobA_series3_press1.sub,SynClone,HT6032,2021,A,3,1,433.92,Holtek-HT6P20,Holtek-HT6P20,1,1,176,82
SynClone_HT6032_2021_fobA_series3_press2.sub,SynClone,HT6032,2021,A,3,2,433.92,Holtek-HT6P20,Holtek-HT6P20,1,1,176,82
SynClone_HT6032_2021_fobA_series3_press3.sub,SynClone,HT6032,2021,A,3,3,433.92,Holtek-HT6P20,Holtek-HT6P20,1,1,176,82
SynPortal_SlhFix033_2022_fobA_series3_press1.sub,SynPortal,SlhFix033,2022,A,3,1,433.92,FAAC-SLH,FAAC-SLH,1,1,304,168
SynPortal_SlhFix033_2022_fobA_series3_press2.sub,SynPortal,SlhFix033,2022,A,3,2,433.92,FAAC-SLH,FAAC-SLH,1,1,304,168
SynPortal_SlhFix033_2022_fobA_series3_press3.sub,SynPortal,SlhFix033,2022,A,3,3,433.92,FAAC-SLH,FAAC-SLH,1,1,304,168
SynClone_Anso12034_2023_fobA_series3_press1.sub,SynClone,Anso12034,2023,A,3,1,433.92,Ansonic-12,Ansonic-12,1,1,592,74
SynClone_Anso12034_2023_fobA_series3_press2.sub,SynClone,Anso12034,2023,A,3,2,433.92,Ansonic-12,Ansonic-12,1,1,592,74
SynClone_Anso12034_2023_fobA_series3_press3.sub,SynClone,Anso12034,2023,A,3,3,433.92,Ansonic-12,Ansonic-12,1,1,592,74
SynBarrier_Multi10035_2024_fobA_series3_press1.sub,SynBarrier,Multi10035,2024,A,3,1,300.00,Linear-10,Linear-10,1,1,1008,24
SynBarrier_Multi10035_2024_fobA_series3_press2.sub,SynBarrier,Multi10035,2024,A,3,2,300.00,Linear-10,Linear-10,1,1,1008,24
SynBarrier_Multi10035_2024_fobA_series3_press3.sub,SynBarrier,Multi10035,2024,A,3,3,300.00,Linear-10,Linear-10,1,1,1008,24
SynClone_GatePT036_2016_fobA_series3_press1.sub,SynClone,GatePT036,2016,A,3,1,433.92,PT2262,PT2262,1,1,1008,48
SynClone_GatePT036_2016_fobA_series3_press2.sub,SynClone,GatePT036,2016,A,3,2,433.92,PT2262,PT2262,1,1,1008,48
SynClone_GatePT036_2016_fobA_series3_press3.sub,SynClone,GatePT036,2016,A,3,3,433.92,PT2262,PT2262,1,1,1008,48
SynClone_GateEV037_2017_fobA_series3_press1.sub,SynClone,GateEV037,2017,A,3,1,315.00,EV1527,EV1527,1,1,656,40
SynClone_GateEV037_2017_fobA_series3_press2.sub,SynClone,GateEV037,2017,A,3,2,315.00,EV1527,EV1527,1,1,656,40
SynClone_GateEV037_2017_fobA_series3_press3.sub,SynClone,GateEV037,2017,A,3,3,315.00,EV1527,EV1527,1,1,656,40
SynWheel_Sensor20038_2018_fobA_series3_press1.sub,SynWheel,Sensor20038,2018,A,3,1,433.92,TPMS,TPMS,1,1,496,64
SynWheel_Sensor20038_2018_fobA_series3_press2.sub,SynWheel,Sensor20038,2018,A,3,2,433.92,TPMS,TPMS,1,1,496,64
SynWheel_Sensor20038_2018_fobA_series3_press3.sub,SynWheel,Sensor20038,2018,A,3,3,433.92,TPMS,TPMS,1,1,496,64
SynMotors_RollGuard039_2019_fobA_series4_press1.sub,SynMotors,RollGuard039,2019,A,4,1,433.92,KeeLoq-HCS300,KeeLoq-HCS300,1,1,400,156
SynMotors_RollGuard039_2019_fobA_series4_press2.sub,SynMotors,RollGuard039,2019,A,4,2,433.92,KeeLoq-HCS300,KeeLoq-HCS300,1,1,400,156
SynMotors_RollGuard039_2019_fobA_series4_press3.sub,SynMotors,RollGuard039,2019,A,4,3,433.92,KeeLoq-HCS300,KeeLoq-HCS300,1,1,400,156
SynGate_SecPlusII040_2020_fobA_series4_press1.sub,SynGate,SecPlusII040,2020,A,4,1,315.00,Security+2.0,Security+2.0,1,1,240,165
SynGate_SecPlusII040_2020_fobA_series4_press2.sub,SynGate,SecPlusII040,2020,A,4,2,315.00,Security+2.0,Security+2.0,1,1,240,165
SynGate_SecPlusII040_2020_fobA_series4_press3.sub,SynGate,SecPlusII040,2020,A,4,3,315.00,Security+2.0,Security+2.0,1,1,112,165
SynGate_SecPlusI041_2021_fobA_series4_press1.sub,SynGate,SecPlusI041,2021,A,4,1,315.00,Security+1.0,(no-decode),0,0,400,100
SynGate_SecPlusI041_2021_fobA_series4_press2.sub,SynGate,SecPlusI041,2021,A,4,2,315.00,Security+1.0,(no-decode),0,0,400,100
SynGate_SecPlusI041_2021_fobA_series4_press3.sub,SynGate,SecPlusI041,2021,A,4,3,315.00,Security+1.0,(no-decode),0,0,400,100
SynPortal_HanRoll042_2022_fobA_series4_press1.sub,SynPortal,HanRoll042,2022,A,4,1,433.92,DoorHan-Rolling,DoorHan-Rolling,1,1,816,84
SynPortal_HanRoll042_2022_fobA_series4_press2.sub,SynPortal,HanRoll042,2022,A,4,2,433.92,DoorHan-Rolling,DoorHan-Rolling,1,1,816,84
SynPortal_HanRoll042_2022_fobA_series4_press3.sub,SynPortal,HanRoll042,2022,A,4,3,433.92,DoorHan-Rolling,DoorHan-Rolling,1,1,816,84
SynBarrier_Cam12043_2023_fobA_series4_press1.sub,SynBarrier,Cam12043,2023,A,4,1,433.92,CAME-12,CAME-12,1,1,336,34
SynBarrier_Cam12043_2023_fobA_series4_press2.sub,SynBarrier,Cam12043,2023,A,4,2,433.92,CAME-12,CAME-12,1,1,336,34
SynBarrier_Cam12043_2023_fobA_series4_press3.sub,SynBarrier,Cam12043,2023,A,4,3,433.92,CAME-12,CAME-12,1,1,336,34
SynBarrier_FloFix044_2024_fobA_series4_press1.sub,SynBarrier,FloFix044,2024,A,4,1,433.92,Nice-FLO,Nice-FLO,1,1,592,39
SynBarrier_FloFix044_2024_fobA_series4_press2.sub,SynBarrier,FloFix044,2024,A,4,2,433.92,Nice-FLO,Nice-FLO,1,1,592,39
SynBarrier_FloFix044_2024_fobA_series4_press3.sub,SynBarrier,FloFix044,2024,A,4,3,433.92,Nice-FLO,Nice-FLO,1,1,592,39
SynClone_HT6045_2016_fobA_series4_press1.sub,SynClone,HT6045,2016,A,4,1,433.92,Holtek-HT6P20,Holtek-HT6P20,1,1,176,82
SynClone_HT6045_2016_fobA_series4_press2.sub,SynClone,HT6045,2016,A,4,2,433.92,Holtek-HT6P20,Holtek-HT6P20,1,1,176,82
SynClone_HT6045_2016_fobA_series4_press3.sub,SynClone,HT6045,2016,A,4,3,433.92,Holtek-HT6P20,Holtek-HT6P20,1,1,176,82
SynPortal_SlhFix046_2017_fobA_series4_press1.sub,SynPortal,SlhFix046,2017,A,4,1,433.92,FAAC-SLH,FAAC-SLH,1,1,304,168
SynPortal_SlhFix046_2017_fobA_series4_press2.sub,SynPortal,SlhFix046,2017,A,4,2,433.92,FAAC-SLH,FAAC-SLH,1,1,304,168
SynPortal_SlhFix046_2017_fobA_series4_press3.sub,SynPortal,SlhFix046,2017,A,4,3,433.92,FAAC-SLH,FAAC-SLH,1,1,304,168
SynClone_Anso12047_2018_fobA_series4_press1.sub,SynClone,Anso12047,2018,A,4,1,433.92,Ansonic-12,Ansonic-12,1,1,592,74
SynClone_Anso12047_2018_fobA_series4_press2.sub,SynClone,Anso12047,2018,A,4,2,433.92,Ansonic-12,Ansonic-12,1,1,592,74
SynClone_Anso12047_2018_fobA_series4_press3.sub,SynClone,Anso12047,2018,A,4,3,433.92,Ansonic-12,Ansonic-12,1,1,592,74
SynBarrier_Multi10048_2019_fobA_series4_press1.sub,SynBarrier,Multi10048,2019,A,4,1,300.00,Linear-10,Linear-10,1,1,1008,24
SynBarrier_Multi10048_2019_fobA_series4_press2.sub,SynBarrier,Multi10048,2019,A,4,2,300.00,Linear-10,Linear-10,1,1,1008,24
SynBarrier_Multi10048_2019_fobA_series4_press3.sub,SynBarrier,Multi10048,2019,A,4,3,300.00,Linear-10,Linear-10,1,1,1008,24
SynClone_GatePT049_2020_fobA_series4_press1.sub,SynClone,GatePT049,2020,A,4,1,433.92,PT2262,PT2262,1,1,1008,48
SynClone_GatePT049_2020_fobA_series4_press2.sub,SynClone,GatePT049,2020,A,4,2,433.92,PT2262,PT2262,1,1,1008,48
SynClone_GatePT049_2020_fobA_series4_press3.sub,SynClone,GatePT049,2020,A,4,3,433.92,PT2262,PT2262,1,1,1008,48
SynClone_GateEV050_2021_fobA_series4_press1.sub,SynClone,GateEV050,2021,A,4,1,315.00,EV1527,EV1527,1,1,656,40
SynClone_GateEV050_2021_fobA_series4_press2.sub,SynClone,GateEV050,2021,A,4,2,315.00,EV1527,EV1527,1,1,656,40
SynClone_GateEV050_2021_fobA_series4_press3.sub,SynClone,GateEV050,2021,A,4,3,315.00,EV1527,EV1527,1,1,656,40
SynWheel_Sensor20051_2022_fobA_series4_press1.sub,SynWheel,Sensor20051,2022,A,4,1,433.92,TPMS,TPMS,1,1,496,64
SynWheel_Sensor20051_2022_fobA_series4_press2.sub,SynWheel,Sensor20051,2022,A,4,2,433.92,TPMS,TPMS,1,1,496,64
SynWheel_Sensor20051_2022_fobA_series4_press3.sub,SynWheel,Sensor20051,2022,A,4,3,433.92,TPMS,TPMS,1,1,496,64
SynMotors_RollGuard052_2023_fobA_series5_press1.sub,SynMotors,RollGuard052,2023,A,5,1,433.92,KeeLoq-HCS300,KeeLoq-HCS300,1,1,400,156
SynMotors_RollGuard052_2023_fobA_series5_press2.sub,SynMotors,RollGuard052,2023,A,5,2,433.92,KeeLoq-HCS300,KeeLoq-HCS300,1,1,400,156
SynMotors_RollGuard052_2023_fobA_series5_press3.sub,SynMotors,RollGuard052,2023,A,5,3,433.92,KeeLoq-HCS300,KeeLoq-HCS300,1,1,400,156
SynGate_SecPlusII053_2024_fobA_series5_press1.sub,SynGate,SecPlusII053,2024,A,5,1,315.00,Security+2.0,Security+2.0,1,1,240,165
SynGate_SecPlusII053_2024_fobA_series5_press2.sub,SynGate,SecPlusII053,2024,A,5,2,315.00,Security+2.0,Security+2.0,1,1,240,165
SynGate_SecPlusII053_2024_fobA_series5_press3.sub,SynGate,SecPlusII053,2024,A,5,3,315.00,Security+2.0,Security+2.0,1,1,240,165
SynGate_SecPlusI054_2016_fobA_series5_press1.sub,SynGate,SecPlusI054,2016,A,5,1,315.00,Security+1.0,(no-decode),0,0,400,100
SynGate_SecPlusI054_2016_fobA_series5_press2.sub,SynGate,SecPlusI054,2016,A,5,2,315.00,Security+1.0,(no-decode),0,0,400,100
SynGate_SecPlusI054_2016_fobA_series5_press3.sub,SynGate,SecPlusI054,2016,A,5,3,315.00,Security+1.0,(no-decode),0,0,400,100
SynPortal_HanRoll055_2017_fobA_series5_press1.sub,SynPortal,HanRoll055,2017,A,5,1,433.92,DoorHan-Rolling,DoorHan-Rolling,1,1,816,84
SynPortal_HanRoll055_2017_fobA_series5_press2.sub,SynPortal,HanRoll055,2017,A,5,2,433.92,DoorHan-Rolling,DoorHan-Rolling,1,1,816,84
SynPortal_HanRoll055_2017_fobA_series5_press3.sub,SynPortal,HanRoll055,2017,A,5,3,433.92,DoorHan-Rolling,DoorHan-Rolling,1,1,816,84
SynBarrier_Cam12056_2018_fobA_series5_press1.sub,SynBarrier,Cam12056,2018,A,5,1,433.92,CAME-12,CAME-12,1,1,336,34
SynBarrier_Cam12056_2018_fobA_series5_press2.sub,SynBarrier,Cam12056,2018,A,5,2,433.92,CAME-12,CAME-12,1,1,336,34
SynBarrier_Cam12056_2018_fobA_series5_press3.sub,SynBarrier,Cam12056,2018,A,5,3,433.92,CAME-12,CAME-12,1,1,336,34
SynBarrier_FloFix057_2019_fobA_series5_press1.sub,SynBarrier,FloFix057,2019,A,5,1,433.92,Nice-FLO,Nice-FLO,1,1,592,39
SynBarrier_FloFix057_2019_fobA_series5_press2.sub,SynBarrier,FloFix057,2019,A,5,2,433.92,Nice-FLO,Nice-FLO,1,1,592,39
SynBarrier_FloFix057_2019_fobA_series5_press3.sub,SynBarrier,FloFix057,2019,A,5,3,433.92,Nice-FLO,Nice-FLO,1,1,592,39
SynClone_HT6058_2020_fobA_series5_press1.sub,SynClone,HT6058,2020,A,5,1,433.92,Holtek-HT6P20,Holtek-HT6P20,1,1,176,82
SynClone_HT6058_2020_fobA_series5_press2.sub,SynClone,HT6058,2020,A,5,2,433.92,Holtek-HT6P20,Holtek-HT6P20,1,1,176,82
SynClone_HT6058_2020_fobA_series5_press3.sub,SynClone,HT6058,2020,A,5,3,433.92,Holtek-HT6P20,Holtek-HT6P20,1,1,176,82
SynPortal_SlhFix059_2021_fobA_series5_press1.sub,SynPortal,SlhFix059,2021,A,5,1,433.92,FAAC-SLH,FAAC-SLH,1,1,304,168
SynPortal_SlhFix059_2021_fobA_series5_press2.sub,SynPortal,SlhFix059,2021,A,5,2,433.92,FAAC-SLH,FAAC-SLH,1,1,304,168
SynPortal_SlhFix059_2021_fobA_series5_press3.sub,SynPortal,SlhFix059,2021,A,5,3,433.92,FAAC-SLH,FAAC-SLH,1,1,304,168
SynClone_Anso12060_2022_fobA_series5_press1.sub,SynClone,Anso12060,2022,A,5,1,433.92,Ansonic-12,Ansonic-12,1,1,592,74
SynClone_Anso12060_2022_fobA_series5_press2.sub,SynClone,Anso12060,2022,A,5,2,433.92,Ansonic-12,Ansonic-12,1,1,592,74
SynClone_Anso12060_2022_fobA_series5_press3.sub,SynClone,Anso12060,2022,A,5,3,433.92,Ansonic-12,Ansonic-12,1,1,592,74
SynBarrier_Multi10061_2023_fobA_series5_press1.sub,SynBarrier,Multi10061,2023,A,5,1,300.00,Linear-10,Linear-10,1,1,1008,24
SynBarrier_Multi10061_2023_fobA_series5_press2.sub,SynBarrier,Multi10061,2023,A,5,2,300.00,Linear-10,Linear-10,1,1,1008,24
SynBarrier_Multi10061_2023_fobA_series5_press3.sub,SynBarrier,Multi10061,2023,A,5,3,300.00,Linear-10,Linear-10,1,1,1008,24
SynClone_GatePT062_2024_fobA_series5_press1.sub,SynClone,GatePT062,2024,A,5,1,433.92,PT2262,PT2262,1,1,1008,48
SynClone_GatePT062_2024_fobA_series5_press2.sub,SynClone,GatePT062,2024,A,5,2,433.92,PT2262,PT2262,1,1,1008,48
SynClone_GatePT062_2024_fobA_series5_press3.sub,SynClone,GatePT062,2024,A,5,3,433.92,PT2262,PT2262,1,1,1008,48
SynClone_GateEV063_2016_fobA_series5_press1.sub,SynClone,GateEV063,2016,A,5,1,315.00,EV1527,EV1527,1,1,656,40
SynClone_GateEV063_2016_fobA_series5_press2.sub,SynClone,GateEV063,2016,A,5,2,315.00,EV1527,EV1527,1,1,656,40
SynClone_GateEV063_2016_fobA_series5_press3.sub,SynClone,GateEV063,2016,A,5,3,315.00,EV1527,EV1527,1,1,656,40
SynWheel_Sensor20064_2017_fobA_series5_press1.sub,SynWheel,Sensor20064,2017,A,5,1,433.92,TPMS,TPMS,1,1,496,64
SynWheel_Sensor20064_2017_fobA_series5_press2.sub,SynWheel,Sensor20064,2017,A,5,2,433.92,TPMS,TPMS,1,1,496,64
SynWheel_Sensor20064_2017_fobA_series5_press3.sub,SynWheel,Sensor20064,2017,A,5,3,433.92,TPMS,TPMS,1,1,496,64
SynMotors_RollGuard065_2018_fobA_series6_press1.sub,SynMotors,RollGuard065,2018,A,6,1,433.92,KeeLoq-HCS300,KeeLoq-HCS300,1,1,400,156
SynMotors_RollGuard065_2018_fobA_series6_press2.sub,SynMotors,RollGuard065,2018,A,6,2,433.92,KeeLoq-HCS300,KeeLoq-HCS300,1,1,400,156
SynMotors_RollGuard065_2018_fobA_series6_press3.sub,SynMotors,RollGuard065,2018,A,6,3,433.92,KeeLoq-HCS300,KeeLoq-HCS300,1,1,400,156
SynGate_SecPlusII066_2019_fobA_series6_press1.sub,SynGate,SecPlusII066,2019,A,6,1,315.00,Security+2.0,Security+2.0,1,1,240,165
SynGate_SecPlusII066_2019_fobA_series6_press2.sub,SynGate,SecPlusII066,2019,A,6,2,315.00,Security+2.0,Security+2.0,1,1,240,165
SynGate_SecPlusII066_2019_fobA_series6_press3.sub,SynGate,SecPlusII066,2019,A,6,3,315.00,Security+2.0,Security+2.0,1,1,240,165
SynGate_SecPlusI067_2020_fobA_series6_press1.sub,SynGate,SecPlusI067,2020,A,6,1,315.00,Security+1.0,(no-decode),0,0,400,100
SynGate_SecPlusI067_2020_fobA_series6_press2.sub,SynGate,SecPlusI067,2020,A,6,2,315.00,Security+1.0,(no-decode),0,0,400,100
SynGate_SecPlusI067_2020_fobA_series6_press3.sub,SynGate,SecPlusI067,2020,A,6,3,315.00,Security+1.0,(no-decode),0,0,400,100
SynPortal_HanRoll068_2021_fobA_series6_press1.sub,SynPortal,HanRoll068,2021,A,6,1,433.92,DoorHan-Rolling,DoorHan-Rolling,1,1,816,84
SynPortal_HanRoll068_2021_fobA_series6_press2.sub,SynPortal,HanRoll068,2021,A,6,2,433.92,DoorHan-Rolling,DoorHan-Rolling,1,1,816,84
SynPortal_HanRoll068_2021_fobA_series6_press3.sub,SynPortal,HanRoll068,2021,A,6,3,433.92,DoorHan-Rolling,DoorHan-Rolling,1,1,816,84
SynBarrier_Cam12069_2022_fobA_series6_press1.sub,SynBarrier,Cam12069,2022,A,6,1,433.92,CAME-12,CAME-12,1,1,336,34
SynBarrier_Cam12069_2022_fobA_series6_press2.sub,SynBarrier,Cam12069,2022,A,6,2,433.92,CAME-12,CAME-12,1,1,336,34
SynBarrier_Cam12069_2022_fobA_series6_press3.sub,SynBarrier,Cam12069,2022,A,6,3,433.92,CAME-12,CAME-12,1,1,336,34
SynBarrier_FloFix070_2023_fobA_series6_press1.sub,SynBarrier,FloFix070,2023,A,6,1,433.92,Nice-FLO,Nice-FLO,1,1,592,39
SynBarrier_FloFix070_2023_fobA_series6_press2.sub,SynBarrier,FloFix070,2023,A,6,2,433.92,Nice-FLO,Nice-FLO,1,1,592,39
SynBarrier_FloFix070_2023_fobA_series6_press3.sub,SynBarrier,FloFix070,2023,A,6,3,433.92,Nice-FLO,Nice-FLO,1,1,592,39
SynClone_HT6071_2024_fobA_series6_press1.sub,SynClone,HT6071,2024,A,6,1,433.92,Holtek-HT6P20,Holtek-HT6P20,1,1,176,82
SynClone_HT6071_2024_fobA_series6_press2.sub,SynClone,HT6071,2024,A,6,2,433.92,Holtek-HT6P20,Holtek-HT6P20,1,1,176,82
SynClone_HT6071_2024_fobA_series6_press3.sub,SynClone,HT6071,2024,A,6,3,433.92,Holtek-HT6P20,Holtek-HT6P20,1,1,176,82
SynPortal_SlhFix072_2016_fobA_series6_press1.sub,SynPortal,SlhFix072,2016,A,6,1,433.92,FAAC-SLH,FAAC-SLH,1,1,304,168
SynPortal_SlhFix072_2016_fobA_series6_press2.sub,SynPortal,SlhFix072,2016,A,6,2,433.92,FAAC-SLH,FAAC-SLH,1,1,304,168
SynPortal_SlhFix072_2016_fobA_series6_press3.sub,SynPortal,SlhFix072,2016,A,6,3,433.92,FAAC-SLH,FAAC-SLH,1,1,304,168
SynClone_Anso12073_2017_fobA_series6_press1.sub,SynClone,Anso12073,2017,A,6,1,433.92,Ansonic-12,Ansonic-12,1,1,592,74
SynClone_Anso12073_2017_fobA_series6_press2.sub,SynClone,Anso12073,2017,A,6,2,433.92,Ansonic-12,Ansonic-12,1,1,592,74
SynClone_Anso12073_2017_fobA_series6_press3.sub,SynClone,Anso12073,2017,A,6,3,433.92,Ansonic-12,Ansonic-12,1,1,592,74
SynBarrier_Multi10074_2018_fobA_series6_press1.sub,SynBarrier,Multi10074,2018,A,6,1,300.00,Linear-10,Linear-10,1,1,1008,24
SynBarrier_Multi10074_2018_fobA_series6_press2.sub,SynBarrier,Multi10074,2018,A,6,2,300.00,Linear-10,Linear-10,1,1,1008,24
SynBarrier_Multi10074_2018_fobA_series6_press3.sub,SynBarrier,Multi10074,2018,A,6,3,300.00,Linear-10,Linear-10,1,1,1008,24
SynClone_GatePT075_2019_fobA_series6_press1.sub,SynClone,GatePT075,2019,A,6,1,433.92,PT2262,PT2262,1,1,1008,48
SynClone_GatePT075_2019_fobA_series6_press2.sub,SynClone,GatePT075,2019,A,6,2,433.92,PT2262,PT2262,1,1,1008,48
SynClone_GatePT075_2019_fobA_series6_press3.sub,SynClone,GatePT075,2019,A,6,3,433.92,PT2262,PT2262,1,1,1008,48
SynClone_GateEV076_2020_fobA_series6_press1.sub,SynClone,GateEV076,2020,A,6,1,315.00,EV1527,EV1527,1,1,656,40
SynClone_GateEV076_2020_fobA_series6_press2.sub,SynClone,GateEV076,2020,A,6,2,315.00,EV1527,EV1527,1,1,656,40
SynClone_GateEV076_2020_fobA_series6_press3.sub,SynClone,GateEV076,2020,A,6,3,315.00,EV1527,EV1527,1,1,656,40
SynWheel_Sensor20077_2021_fobA_series6_press1.sub,SynWheel,Sensor20077,2021,A,6,1,433.92,TPMS,TPMS,1,1,496,64
SynWheel_Sensor20077_2021_fobA_series6_press2.sub,SynWheel,Sensor20077,2021,A,6,2,433.92,TPMS,TPMS,1,1,496,64
SynWheel_Sensor20077_2021_fobA_series6_press3.sub,SynWheel,Sensor20077,2021,A,6,3,433.92,TPMS,TPMS,1,1,496,64
SynMotors_RollGuard078_2022_fobA_series7_press1.sub,SynMotors,RollGuard078,2022,A,7,1,433.92,KeeLoq-HCS300,KeeLoq-HCS300,1,1,400,156
SynMotors_RollGuard078_2022_fobA_series7_press2.sub,SynMotors,RollGuard078,2022,A,7,2,433.92,KeeLoq-HCS300,KeeLoq-HCS300,1,1,400,156
SynMotors_RollGuard078_2022_fobA_series7_press3.sub,SynMotors,RollGuard078,2022,A,7,3,433.92,KeeLoq-HCS300,KeeLoq-HCS300,1,1,400,156
SynGate_SecPlusII079_2023_fobA_series7_press1.sub,SynGate,SecPlusII079,2023,A,7,1,315.00,Security+2.0,Security+2.0,1,1,240,165
SynGate_SecPlusII079_2023_fobA_series7_press2.sub,SynGate,SecPlusII079,2023,A,7,2,315.00,Security+2.0,Security+2.0,1,1,240,165
SynGate_SecPlusII079_2023_fobA_series7_press3.sub,SynGate,SecPlusII079,2023,A,7,3,315.00,Security+2.0,Security+2.0,1,1,240,165
SynGate_SecPlusI080_2024_fobA_series7_press1.sub,SynGate,SecPlusI080,2024,A,7,1,315.00,Security+1.0,(no-decode),0,0,400,100
SynGate_SecPlusI080_2024_fobA_series7_press2.sub,SynGate,SecPlusI080,2024,A,7,2,315.00,Security+1.0,(no-decode),0,0,400,100
SynGate_SecPlusI080_2024_fobA_series7_press3.sub,SynGate,SecPlusI080,2024,A,7,3,315.00,Security+1.0,(no-decode),0,0,400,100
SynPortal_HanRoll081_2016_fobA_series7_press1.sub,SynPortal,HanRoll081,2016,A,7,1,433.92,DoorHan-Rolling,DoorHan-Rolling,1,1,816,84
SynPortal_HanRoll081_2016_fobA_series7_press2.sub,SynPortal,HanRoll081,2016,A,7,2,433.92,DoorHan-Rolling,DoorHan-Rolling,1,1,816,84
SynPortal_HanRoll081_2016_fobA_series7_press3.sub,SynPortal,HanRoll081,2016,A,7,3,433.92,DoorHan-Rolling,DoorHan-Rolling,1,1,816,84
SynBarrier_Cam12082_2017_fobA_series7_press1.sub,SynBarrier,Cam12082,2017,A,7,1,433.92,CAME-12,CAME-12,1,1,336,34
SynBarrier_Cam12082_2017_fobA_series7_press2.sub,SynBarrier,Cam12082,2017,A,7,2,433.92,CAME-12,CAME-12,1,1,336,34
SynBarrier_Cam12082_2017_fobA_series7_press3.sub,SynBarrier,Cam12082,2017,A,7,3,433.92,CAME-12,CAME-12,1,1,336,34
SynBarrier_FloFix083_2018_fobA_series7_press1.sub,SynBarrier,FloFix083,2018,A,7,1,433.92,Nice-FLO,Nice-FLO,1,1,592,39
SynBarrier_FloFix083_2018_fobA_series7_press2.sub,SynBarrier,FloFix083,2018,A,7,2,433.92,Nice-FLO,Nice-FLO,1,1,592,39
SynBarrier_FloFix083_2018_fobA_series7_press3.sub,SynBarrier,FloFix083,2018,A,7,3,433.92,Nice-FLO,Nice-FLO,1,1,592,39
SynClone_HT6084_2019_fobA_series7_press1.sub,SynClone,HT6084,2019,A,7,1,433.92,Holtek-HT6P20,Holtek-HT6P20,1,1,176,82
SynClone_HT6084_2019_fobA_series7_press2.sub,SynClone,HT6084,2019,A,7,2,433.92,Holtek-HT6P20,Holtek-HT6P20,1,1,176,82
SynClone_HT6084_2019_fobA_series7_press3.sub,SynClone,HT6084,2019,A,7,3,433.92,Holtek-HT6P20,Holtek-HT6P20,1,1,176,82
SynPortal_SlhFix085_2020_fobA_series7_press1.sub,SynPortal,SlhFix085,2020,A,7,1,433.92,FAAC-SLH,FAAC-SLH,1,1,304,168
SynPortal_SlhFix085_2020_fobA_series7_press2.sub,SynPortal,SlhFix085,2020,A,7,2,433.92,FAAC-SLH,FAAC-SLH,1,1,304,168
SynPortal_SlhFix085_2020_fobA_series7_press3.sub,SynPortal,SlhFix085,2020,A,7,3,433.92,FAAC-SLH,FAAC-SLH,1,1,304,168
SynClone_Anso12086_2021_fobA_series7_press1.sub,SynClone,Anso12086,2021,A,7,1,433.92,Ansonic-12,Ansonic-12,1,1,592,74
SynClone_Anso12086_2021_fobA_series7_press2.sub,SynClone,Anso12086,2021,A,7,2,433.92,Ansonic-12,Ansonic-12,1,1,592,74
SynClone_Anso12086_2021_fobA_series7_press3.sub,SynClone,Anso12086,2021,A,7,3,433.92,Ansonic-12,Ansonic-12,1,1,592,74
SynBarrier_Multi10087_2022_fobA_series7_press1.sub,SynBarrier,Multi10087,2022,A,7,1,300.00,Linear-10,Linear-10,1,1,1008,24
SynBarrier_Multi10087_2022_fobA_series7_press2.sub,SynBarrier,Multi10087,2022,A,7,2,300.00,Linear-10,Linear-10,1,1,1008,24
SynBarrier_Multi10087_2022_fobA_series7_press3.sub,SynBarrier,Multi10087,2022,A,7,3,300.00,Linear-10,Linear-10,1,1,1008,24
SynClone_GatePT088_2023_fobA_series7_press1.sub,SynClone,GatePT088,2023,A,7,1,433.92,PT2262,PT2262,1,1,1008,48
SynClone_GatePT088_2023_fobA_series7_press2.sub,SynClone,GatePT088,2023,A,7,2,433.92,PT2262,PT2262,1,1,1008,48
SynClone_GatePT088_2023_fobA_series7_press3.sub,SynClone,GatePT088,2023,A,7,3,433.92,PT2262,PT2262,1,1,1008,48
SynClone_GateEV089_2024_fobA_series7_press1.sub,SynClone,GateEV089,2024,A,7,1,315.00,EV1527,EV1527,1,1,656,40
SynClone_GateEV089_2024_fobA_series7_press2.sub,SynClone,GateEV089,2024,A,7,2,315.00,EV1527,EV1527,1,1,656,40
SynClone_GateEV089_2024_fobA_series7_press3.sub,SynClone,GateEV089,2024,A,7,3,315.00,EV1527,EV1527,1,1,656,40
SynWheel_Sensor20090_2016_fobA_series7_press1.sub,SynWheel,Sensor20090,2016,A,7,1,433.92,TPMS,TPMS,1,1,496,64
SynWheel_Sensor20090_2016_fobA_series7_press2.sub,SynWheel,Sensor20090,2016,A,7,2,433.92,TPMS,TPMS,1,1,496,64
SynWheel_Sensor20090_2016_fobA_series7_press3.sub,SynWheel,Sensor20090,2016,A,7,3,433.92,TPMS,TPMS,1,1,496,64
SynMotors_RollGuard091_2017_fobA_series8_press1.sub,SynMotors,RollGuard091,2017,A,8,1,433.92,KeeLoq-HCS300,KeeLoq-HCS300,1,1,400,156
SynMotors_RollGuard091_2017_fobA_series8_press2.sub,SynMotors,RollGuard091,2017,A,8,2,433.92,KeeLoq-HCS300,KeeLoq-HCS300,1,1,400,156
SynMotors_RollGuard091_2017_fobA_series8_press3.sub,SynMotors,RollGuard091,2017,A,8,3,433.92,KeeLoq-HCS300,KeeLoq-HCS300,1,1,400,156
SynGate_SecPlusII092_2018_fobA_series8_press1.sub,SynGate,SecPlusII092,2018,A,8,1,315.00,Security+2.0,Security+2.0,1,1,240,165
SynGate_SecPlusII092_2018_fobA_series8_press2.sub,SynGate,SecPlusII092,2018,A,8,2,315.00,Security+2.0,Security+2.0,1,1,368,165
SynGate_SecPlusII092_2018_fobA_series8_press3.sub,SynGate,SecPlusII092,2018,A,8,3,315.00,Security+2.0,Security+2.0,1,1,112,165
SynGate_SecPlusI093_2019_fobA_series8_press1.sub,SynGate,SecPlusI093,2019,A,8,1,315.00,Security+1.0,(no-decode),0,0,400,100
SynGate_SecPlusI093_2019_fobA_series8_press2.sub,SynGate,SecPlusI093,2019,A,8,2,315.00,Security+1.0,(no-decode),0,0,400,100
SynGate_SecPlusI093_2019_fobA_series8_press3.sub,SynGate,SecPlusI093,2019,A,8,3,315.00,Security+1.0,(no-decode),0,0,400,100
SynPortal_HanRoll094_2020_fobA_series8_press1.sub,SynPortal,HanRoll094,2020,A,8,1,433.92,DoorHan-Rolling,DoorHan-Rolling,1,1,816,84
SynPortal_HanRoll094_2020_fobA_series8_press2.sub,SynPortal,HanRoll094,2020,A,8,2,433.92,DoorHan-Rolling,DoorHan-Rolling,1,1,816,84
SynPortal_HanRoll094_2020_fobA_series8_press3.sub,SynPortal,HanRoll094,2020,A,8,3,433.92,DoorHan-Rolling,DoorHan-Rolling,1,1,816,84
SynBarrier_Cam12095_2021_fobA_series8_press1.sub,SynBarrier,Cam12095,2021,A,8,1,433.92,CAME-12,CAME-12,1,1,336,34
SynBarrier_Cam12095_2021_fobA_series8_press2.sub,SynBarrier,Cam12095,2021,A,8,2,433.92,CAME-12,CAME-12,1,1,336,34
SynBarrier_Cam12095_2021_fobA_series8_press3.sub,SynBarrier,Cam12095,2021,A,8,3,433.92,CAME-12,CAME-12,1,1,336,34
SynBarrier_FloFix096_2022_fobA_series8_press1.sub,SynBarrier,FloFix096,2022,A,8,1,433.92,Nice-FLO,Nice-FLO,1,1,592,39
SynBarrier_FloFix096_2022_fobA_series8_press2.sub,SynBarrier,FloFix096,2022,A,8,2,433.92,Nice-FLO,Nice-FLO,1,1,592,39
SynBarrier_FloFix096_2022_fobA_series8_press3.sub,SynBarrier,FloFix096,2022,A,8,3,433.92,Nice-FLO,Nice-FLO,1,1,592,39
SynClone_HT6097_2023_fobA_series8_press1.sub,SynClone,HT6097,2023,A,8,1,433.92,Holtek-HT6P20,Holtek-HT6P20,1,1,176,82
SynClone_HT6097_2023_fobA_series8_press2.sub,SynClone,HT6097,2023,A,8,2,433.92,Holtek-HT6P20,Holtek-HT6P20,1,1,176,82
SynClone_HT6097_2023_fobA_series8_press3.sub,SynClone,HT6097,2023,A,8,3,433.92,Holtek-HT6P20,Holtek-HT6P20,1,1,176,82
SynPortal_SlhFix098_2024_fobA_series8_press1.sub,SynPortal,SlhFix098,2024,A,8,1,433.92,FAAC-SLH,FAAC-SLH,1,1,304,168
SynPortal_SlhFix098_2024_fobA_series8_press2.sub,SynPortal,SlhFix098,2024,A,8,2,433.92,FAAC-SLH,FAAC-SLH,1,1,304,168
SynPortal_SlhFix098_2024_fobA_series8_press3.sub,SynPortal,SlhFix098,2024,A,8,3,433.92,FAAC-SLH,FAAC-SLH,1,1,304,168
SynClone_Anso12099_2016_fobA_series8_press1.sub,SynClone,Anso12099,2016,A,8,1,433.92,Ansonic-12,Ansonic-12,1,1,592,74
SynClone_Anso12099_2016_fobA_series8_press2.sub,SynClone,Anso12099,2016,A,8,2,433.92,Ansonic-12,Ansonic-12,1,1,592,74
SynClone_Anso12099_2016_fobA_series8_press3.sub,SynClone,Anso12099,2016,A,8,3,433.92,Ansonic-12,Ansonic-12,1,1,592,74
SynBarrier_Multi10100_2017_fobA_series8_press1.sub,SynBarrier,Multi10100,2017,A,8,1,300.00,Linear-10,Linear-10,1,1,1008,24
SynBarrier_Multi10100_2017_fobA_series8_press2.sub,SynBarrier,Multi10100,2017,A,8,2,300.00,Linear-10,Linear-10,1,1,1008,24
SynBarrier_Multi10100_2017_fobA_series8_press3.sub,SynBarrier,Multi10100,2017,A,8,3,300.00,Linear-10,Linear-10,1,1,1008,24
SynClone_GatePT101_2018_fobA_series8_press1.sub,SynClone,GatePT101,2018,A,8,1,433.92,PT2262,PT2262,1,1,1008,48
SynClone_GatePT101_2018_fobA_series8_press2.sub,SynClone,GatePT101,2018,A,8,2,433.92,PT2262,PT2262,1,1,1008,48
SynClone_GatePT101_2018_fobA_series8_press3.sub,SynClone,GatePT101,2018,A,8,3,433.92,PT2262,PT2262,1,1,1008,48
SynClone_GateEV102_2019_fobA_series8_press1.sub,SynClone,GateEV102,2019,A,8,1,315.00,EV1527,EV1527,1,1,656,40
SynClone_GateEV102_2019_fobA_series8_press2.sub,SynClone,GateEV102,2019,A,8,2,315.00,EV1527,EV1527,1,1,656,40
SynClone_GateEV102_2019_fobA_series8_press3.sub,SynClone,GateEV102,2019,A,8,3,315.00,EV1527,EV1527,1,1,656,40
SynWheel_Sensor20103_2020_fobA_series8_press1.sub,SynWheel,Sensor20103,2020,A,8,1,433.92,TPMS,TPMS,1,1,496,64
SynWheel_Sensor20103_2020_fobA_series8_press2.sub,SynWheel,Sensor20103,2020,A,8,2,433.92,TPMS,TPMS,1,1,496,64
SynWheel_Sensor20103_2020_fobA_series8_press3.sub,SynWheel,Sensor20103,2020,A,8,3,433.92,TPMS,TPMS,1,1,496,64
SynMotors_RollGuard104_2021_fobA_series9_press1.sub,SynMotors,RollGuard104,2021,A,9,1,433.92,KeeLoq-HCS300,KeeLoq-HCS300,1,1,400,156
SynMotors_RollGuard104_2021_fobA_series9_press2.sub,SynMotors,RollGuard104,2021,A,9,2,433.92,KeeLoq-HCS300,KeeLoq-HCS300,1,1,400,156
SynMotors_RollGuard104_2021_fobA_series9_press3.sub,SynMotors,RollGuard104,2021,A,9,3,433.92,KeeLoq-HCS300,KeeLoq-HCS300,1,1,400,156
SynGate_SecPlusII105_2022_fobA_series9_press1.sub,SynGate,SecPlusII105,2022,A,9,1,315.00,Security+2.0,Security+2.0,1,1,240,165
SynGate_SecPlusII105_2022_fobA_series9_press2.sub,SynGate,SecPlusII105,2022,A,9,2,315.00,Security+2.0,Security+2.0,1,1,240,165
SynGate_SecPlusII105_2022_fobA_series9_press3.sub,SynGate,SecPlusII105,2022,A,9,3,315.00,Security+2.0,Security+2.0,1,1,240,165
SynGate_SecPlusI106_2023_fobA_series9_press1.sub,SynGate,SecPlusI106,2023,A,9,1,315.00,Security+1.0,(no-decode),0,0,400,100
SynGate_SecPlusI106_2023_fobA_series9_press2.sub,SynGate,SecPlusI106,2023,A,9,2,315.00,Security+1.0,(no-decode),0,0,400,100
SynGate_SecPlusI106_2023_fobA_series9_press3.sub,SynGate,SecPlusI106,2023,A,9,3,315.00,Security+1.0,(no-decode),0,0,400,100
SynPortal_HanRoll107_2024_fobA_series9_press1.sub,SynPortal,HanRoll107,2024,A,9,1,433.92,DoorHan-Rolling,DoorHan-Rolling,1,1,816,84
SynPortal_HanRoll107_2024_fobA_series9_press2.sub,SynPortal,HanRoll107,2024,A,9,2,433.92,DoorHan-Rolling,DoorHan-Rolling,1,1,816,84
SynPortal_HanRoll107_2024_fobA_series9_press3.sub,SynPortal,HanRoll107,2024,A,9,3,433.92,DoorHan-Rolling,DoorHan-Rolling,1,1,816,84
SynBarrier_Cam12108_2016_fobA_series9_press1.sub,SynBarrier,Cam12108,2016,A,9,1,433.92,CAME-12,CAME-12,1,1,336,34
SynBarrier_Cam12108_2016_fobA_series9_press2.sub,SynBarrier,Cam12108,2016,A,9,2,433.92,CAME-12,CAME-12,1,1,336,34
SynBarrier_Cam12108_2016_fobA_series9_press3.sub,SynBarrier,Cam12108,2016,A,9,3,433.92,CAME-12,CAME-12,1,1,336,34
SynBarrier_FloFix109_2017_fobA_series9_press1.sub,SynBarrier,FloFix109,2017,A,9,1,433.92,Nice-FLO,Nice-FLO,1,1,592,39
SynBarrier_FloFix109_2017_fobA_series9_press2.sub,SynBarrier,FloFix109,2017,A,9,2,433.92,Nice-FLO,Nice-FLO,1,1,592,39
SynBarrier_FloFix109_2017_fobA_series9_press3.sub,SynBarrier,FloFix109,2017,A,9,3,433.92,Nice-FLO,Nice-FLO,1,1,592,39
SynClone_HT6110_2018_fobA_series9_press1.sub,SynClone,HT6110,2018,A,9,1,433.92,Holtek-HT6P20,Holtek-HT6P20,1,1,176,82
SynClone_HT6110_2018_fobA_series9_press2.sub,SynClone,HT6110,2018,A,9,2,433.92,Holtek-HT6P20,Holtek-HT6P20,1,1,176,82
SynClone_HT6110_2018_fobA_series9_press3.sub,SynClone,HT6110,2018,A,9,3,433.92,Holtek-HT6P20,Holtek-HT6P20,1,1,176,82
SynPortal_SlhFix111_2019_fobA_series9_press1.sub,SynPortal,SlhFix111,2019,A,9,1,433.92,FAAC-SLH,FAAC-SLH,1,1,304,168
SynPortal_SlhFix111_2019_fobA_series9_press2.sub,SynPortal,SlhFix111,2019,A,9,2,433.92,FAAC-SLH,FAAC-SLH,1,1,304,168
SynPortal_SlhFix111_2019_fobA_series9_press3.sub,SynPortal,SlhFix111,2019,A,9,3,433.92,FAAC-SLH,FAAC-SLH,1,1,304,168
SynClone_Anso12112_2020_fobA_series9_press1.sub,SynClone,Anso12112,2020,A,9,1,433.92,Ansonic-12,Ansonic-12,1,1,592,74
SynClone_Anso12112_2020_fobA_series9_press2.sub,SynClone,Anso12112,2020,A,9,2,433.92,Ansonic-12,Ansonic-12,1,1,592,74
SynClone_Anso12112_2020_fobA_series9_press3.sub,SynClone,Anso12112,2020,A,9,3,433.92,Ansonic-12,Ansonic-12,1,1,592,74
SynBarrier_Multi10113_2021_fobA_series9_press1.sub,SynBarrier,Multi10113,2021,A,9,1,300.00,Linear-10,Linear-10,1,1,1008,24
SynBarrier_Multi10113_2021_fobA_series9_press2.sub,SynBarrier,Multi10113,2021,A,9,2,300.00,Linear-10,Linear-10,1,1,1008,24
SynBarrier_Multi10113_2021_fobA_series9_press3.sub,SynBarrier,Multi10113,2021,A,9,3,300.00,Linear-10,Linear-10,1,1,1008,24
SynClone_GatePT114_2022_fobA_series9_press1.sub,SynClone,GatePT114,2022,A,9,1,433.92,PT2262,PT2262,1,1,1008,48
SynClone_GatePT114_2022_fobA_series9_press2.sub,SynClone,GatePT114,2022,A,9,2,433.92,PT2262,PT2262,1,1,1008,48
SynClone_GatePT114_2022_fobA_series9_press3.sub,SynClone,GatePT114,2022,A,9,3,433.92,PT2262,PT2262,1,1,1008,48
SynClone_GateEV115_2023_fobA_series9_press1.sub,SynClone,GateEV115,2023,A,9,1,315.00,EV1527,EV1527,1,1,656,40
SynClone_GateEV115_2023_fobA_series9_press2.sub,SynClone,GateEV115,2023,A,9,2,315.00,EV1527,EV1527,1,1,656,40
SynClone_GateEV115_2023_fobA_series9_press3.sub,SynClone,GateEV115,2023,A,9,3,315.00,EV1527,EV1527,1,1,656,40
SynWheel_Sensor20116_2024_fobA_series9_press1.sub,SynWheel,Sensor20116,2024,A,9,1,433.92,TPMS,TPMS,1,1,496,64
SynWheel_Sensor20116_2024_fobA_series9_press2.sub,SynWheel,Sensor20116,2024,A,9,2,433.92,TPMS,TPMS,1,1,496,64
SynWheel_Sensor20116_2024_fobA_series9_press3.sub,SynWheel,Sensor20116,2024,A,9,3,433.92,TPMS,TPMS,1,1,496,64
SynMotors_RollGuard117_2016_fobA_series10_press1.sub,SynMotors,RollGuard117,2016,A,10,1,433.92,KeeLoq-HCS300,KeeLoq-HCS300,1,1,400,156
SynMotors_RollGuard117_2016_fobA_series10_press2.sub,SynMotors,RollGuard117,2016,A,10,2,433.92,KeeLoq-HCS300,KeeLoq-HCS300,1,1,400,156
SynMotors_RollGuard117_2016_fobA_series10_press3.sub,SynMotors,RollGuard117,2016,A,10,3,433.92,KeeLoq-HCS300,KeeLoq-HCS300,1,1,400,156
SynGate_SecPlusII118_2017_fobA_series10_press1.sub,SynGate,SecPlusII118,2017,A,10,1,315.00,Security+2.0,Security+2.0,1,1,240,165
SynGate_SecPlusII118_2017_fobA_series10_press2.sub,SynGate,SecPlusII118,2017,A,10,2,315.00,Security+2.0,Security+2.0,1,1,240,165
SynGate_SecPlusII118_2017_fobA_series10_press3.sub,SynGate,SecPlusII118,2017,A,10,3,315.00,Security+2.0,Security+2.0,1,1,240,165
SynGate_SecPlusI119_2018_fobA_series10_press1.sub,SynGate,SecPlusI119,2018,A,10,1,315.00,Security+1.0,(no-decode),0,0,400,100
SynGate_SecPlusI119_2018_fobA_series10_press2.sub,SynGate,SecPlusI119,2018,A,10,2,315.00,Security+1.0,(no-decode),0,0,400,100
SynGate_SecPlusI119_2018_fobA_series10_press3.sub,SynGate,SecPlusI119,2018,A,10,3,315.00,Security+1.0,(no-decode),0,0,400,100
SynPortal_HanRoll120_2019_fobA_series10_press1.sub,SynPortal,HanRoll120,2019,A,10,1,433.92,DoorHan-Rolling,DoorHan-Rolling,1,1,816,84
SynPortal_HanRoll120_2019_fobA_series10_press2.sub,SynPortal,HanRoll120,2019,A,10,2,433.92,DoorHan-Rolling,DoorHan-Rolling,1,1,816,84
SynPortal_HanRoll120_2019_fobA_series10_press3.sub,SynPortal,HanRoll120,2019,A,10,3,433.92,DoorHan-Rolling,DoorHan-Rolling,1,1,816,84
SynBarrier_Cam12121_2020_fobA_series10_press1.sub,SynBarrier,Cam12121,2020,A,10,1,433.92,CAME-12,CAME-12,1,1,336,34
SynBarrier_Cam12121_2020_fobA_series10_press2.sub,SynBarrier,Cam12121,2020,A,10,2,433.92,CAME-12,CAME-12,1,1,336,34
SynBarrier_Cam12121_2020_fobA_series10_press3.sub,SynBarrier,Cam12121,2020,A,10,3,433.92,CAME-12,CAME-12,1,1,336,34
SynBarrier_FloFix122_2021_fobA_series10_press1.sub,SynBarrier,FloFix122,2021,A,10,1,433.92,Nice-FLO,Nice-FLO,1,1,592,39
SynBarrier_FloFix122_2021_fobA_series10_press2.sub,SynBarrier,FloFix122,2021,A,10,2,433.92,Nice-FLO,Nice-FLO,1,1,592,39
SynBarrier_FloFix122_2021_fobA_series10_press3.sub,SynBarrier,FloFix122,2021,A,10,3,433.92,Nice-FLO,Nice-FLO,1,1,592,39
SynClone_HT6123_2022_fobA_series10_press1.sub,SynClone,HT6123,2022,A,10,1,433.92,Holtek-HT6P20,Holtek-HT6P20,1,1,176,82
SynClone_HT6123_2022_fobA_series10_press2.sub,SynClone,HT6123,2022,A,10,2,433.92,Holtek-HT6P20,Holtek-HT6P20,1,1,176,82
SynClone_HT6123_2022_fobA_series10_press3.sub,SynClone,HT6123,2022,A,10,3,433.92,Holtek-HT6P20,Holtek-HT6P20,1,1,176,82
SynPortal_SlhFix124_2023_fobA_series10_press1.sub,SynPortal,SlhFix124,2023,A,10,1,433.92,FAAC-SLH,FAAC-SLH,1,1,304,168
SynPortal_SlhFix124_2023_fobA_series10_press2.sub,SynPortal,SlhFix124,2023,A,10,2,433.92,FAAC-SLH,FAAC-SLH,1,1,304,168
SynPortal_SlhFix124_2023_fobA_series10_press3.sub,SynPortal,SlhFix124,2023,A,10,3,433.92,FAAC-SLH,FAAC-SLH,1,1,304,168
SynClone_Anso12125_2024_fobA_series10_press1.sub,SynClone,Anso12125,2024,A,10,1,433.92,Ansonic-12,Ansonic-12,1,1,592,74
SynClone_Anso12125_2024_fobA_series10_press2.sub,SynClone,Anso12125,2024,A,10,2,433.92,Ansonic-12,Ansonic-12,1,1,592,74
SynClone_Anso12125_2024_fobA_series10_press3.sub,SynClone,Anso12125,2024,A,10,3,433.92,Ansonic-12,Ansonic-12,1,1,592,74
SynBarrier_Multi10126_2016_fobA_series10_press1.sub,SynBarrier,Multi10126,2016,A,10,1,300.00,Linear-10,Linear-10,1,1,1008,24
SynBarrier_Multi10126_2016_fobA_series10_press2.sub,SynBarrier,Multi10126,2016,A,10,2,300.00,Linear-10,Linear-10,1,1,1008,24
SynBarrier_Multi10126_2016_fobA_series10_press3.sub,SynBarrier,Multi10126,2016,A,10,3,300.00,Linear-10,Linear-10,1,1,1008,24
SynClone_GatePT127_2017_fobA_series10_press1.sub,SynClone,GatePT127,2017,A,10,1,433.92,PT2262,PT2262,1,1,1008,48
SynClone_GatePT127_2017_fobA_series10_press2.sub,SynClone,GatePT127,2017,A,10,2,433.92,PT2262,PT2262,1,1,1008,48
SynClone_GatePT127_2017_fobA_series10_press3.sub,SynClone,GatePT127,2017,A,10,3,433.92,PT2262,PT2262,1,1,1008,48
SynClone_GateEV128_2018_fobA_series10_press1.sub,SynClone,GateEV128,2018,A,10,1,315.00,EV1527,EV1527,1,1,656,40
SynClone_GateEV128_2018_fobA_series10_press2.sub,SynClone,GateEV128,2018,A,10,2,315.00,EV1527,EV1527,1,1,656,40
SynClone_GateEV128_2018_fobA_series10_press3.sub,SynClone,GateEV128,2018,A,10,3,315.00,EV1527,EV1527,1,1,656,40
SynWheel_Sensor20129_2019_fobA_series10_press1.sub,SynWheel,Sensor20129,2019,A,10,1,433.92,TPMS,TPMS,1,1,496,64
SynWheel_Sensor20129_2019_fobA_series10_press2.sub,SynWheel,Sensor20129,2019,A,10,2,433.92,TPMS,TPMS,1,1,496,64
SynWheel_Sensor20129_2019_fobA_series10_press3.sub,SynWheel,Sensor20129,2019,A,10,3,433.92,TPMS,TPMS,1,1,496,64
SynMotors_RollGuard130_2020_fobA_series11_press1.sub,SynMotors,RollGuard130,2020,A,11,1,433.92,KeeLoq-HCS300,KeeLoq-HCS300,1,1,400,156
SynMotors_RollGuard130_2020_fobA_series11_press2.sub,SynMotors,RollGuard130,2020,A,11,2,433.92,KeeLoq-HCS300,KeeLoq-HCS300,1,1,400,156
SynMotors_RollGuard130_2020_fobA_series11_press3.sub,SynMotors,RollGuard130,2020,A,11,3,433.92,KeeLoq-HCS300,KeeLoq-HCS300,1,1,400,156
SynGate_SecPlusII131_2021_fobA_series11_press1.sub,SynGate,SecPlusII131,2021,A,11,1,315.00,Security+2.0,Security+2.0,1,1,240,165
SynGate_SecPlusII131_2021_fobA_series11_press2.sub,SynGate,SecPlusII131,2021,A,11,2,315.00,Security+2.0,Security+2.0,1,1,240,165
SynGate_SecPlusII131_2021_fobA_series11_press3.sub,SynGate,SecPlusII131,2021,A,11,3,315.00,Security+2.0,Security+2.0,1,1,112,165
SynGate_SecPlusI132_2022_fobA_series11_press1.sub,SynGate,SecPlusI132,2022,A,11,1,315.00,Security+1.0,(no-decode),0,0,400,100
SynGate_SecPlusI132_2022_fobA_series11_press2.sub,SynGate,SecPlusI132,2022,A,11,2,315.00,Security+1.0,(no-decode),0,0,400,100
SynGate_SecPlusI132_2022_fobA_series11_press3.sub,SynGate,SecPlusI132,2022,A,11,3,315.00,Security+1.0,(no-decode),0,0,400,100
SynPortal_HanRoll133_2023_fobA_series11_press1.sub,SynPortal,HanRoll133,2023,A,11,1,433.92,DoorHan-Rolling,DoorHan-Rolling,1,1,816,84
SynPortal_HanRoll133_2023_fobA_series11_press2.sub,SynPortal,HanRoll133,2023,A,11,2,433.92,DoorHan-Rolling,DoorHan-Rolling,1,1,816,84
SynPortal_HanRoll133_2023_fobA_series11_press3.sub,SynPortal,HanRoll133,2023,A,11,3,433.92,DoorHan-Rolling,DoorHan-Rolling,1,1,816,84
SynBarrier_Cam12134_2024_fobA_series11_press1.sub,SynBarrier,Cam12134,2024,A,11,1,433.92,CAME-12,CAME-12,1,1,336,34
SynBarrier_Cam12134_2024_fobA_series11_press2.sub,SynBarrier,Cam12134,2024,A,11,2,433.92,CAME-12,CAME-12,1,1,336,34
SynBarrier_Cam12134_2024_fobA_series11_press3.sub,SynBarrier,Cam12134,2024,A,11,3,433.92,CAME-12,CAME-12,1,1,336,34
SynBarrier_FloFix135_2016_fobA_series11_press1.sub,SynBarrier,FloFix135,2016,A,11,1,433.92,Nice-FLO,Nice-FLO,1,1,592,39
SynBarrier_FloFix135_2016_fobA_series11_press2.sub,SynBarrier,FloFix135,2016,A,11,2,433.92,Nice-FLO,Nice-FLO,1,1,592,39
SynBarrier_FloFix135_2016_fobA_series11_press3.sub,SynBarrier,FloFix135,2016,A,11,3,433.92,Nice-FLO,Nice-FLO,1,1,592,39
SynClone_HT6136_2017_fobA_series11_press1.sub,SynClone,HT6136,2017,A,11,1,433.92,Holtek-HT6P20,Holtek-HT6P20,1,1,176,82
SynClone_HT6136_2017_fobA_series11_press2.sub,SynClone,HT6136,2017,A,11,2,433.92,Holtek-HT6P20,Holtek-HT6P20,1,1,176,82
SynClone_HT6136_2017_fobA_series11_press3.sub,SynClone,HT6136,2017,A,11,3,433.92,Holtek-HT6P20,Holtek-HT6P20,1,1,176,82
SynPortal_SlhFix137_2018_fobA_series11_press1.sub,SynPortal,SlhFix137,2018,A,11,1,433.92,FAAC-SLH,FAAC-SLH,1,1,304,168
SynPortal_SlhFix137_2018_fobA_series11_press2.sub,SynPortal,SlhFix137,2018,A,11,2,433.92,FAAC-SLH,FAAC-SLH,1,1,304,168
SynPortal_SlhFix137_2018_fobA_series11_press3.sub,SynPortal,SlhFix137,2018,A,11,3,433.92,FAAC-SLH,FAAC-SLH,1,1,304,168
SynClone_Anso12138_2019_fobA_series11_press1.sub,SynClone,Anso12138,2019,A,11,1,433.92,Ansonic-12,Ansonic-12,1,1,592,74
SynClone_Anso12138_2019_fobA_series11_press2.sub,SynClone,Anso12138,2019,A,11,2,433.92,Ansonic-12,Ansonic-12,1,1,592,74
SynClone_Anso12138_2019_fobA_series11_press3.sub,SynClone,Anso12138,2019,A,11,3,433.92,Ansonic-12,Ansonic-12,1,1,592,74
SynBarrier_Multi10139_2020_fobA_series11_press1.sub,SynBarrier,Multi10139,2020,A,11,1,300.00,Linear-10,Linear-10,1,1,1008,24
SynBarrier_Multi10139_2020_fobA_series11_press2.sub,SynBarrier,Multi10139,2020,A,11,2,300.00,Linear-10,Linear-10,1,1,1008,24
SynBarrier_Multi10139_2020_fobA_series11_press3.sub,SynBarrier,Multi10139,2020,A,11,3,300.00,Linear-10,Linear-10,1,1,1008,24
SynClone_GatePT140_2021_fobA_series11_press1.sub,SynClone,GatePT140,2021,A,11,1,433.92,PT2262,PT2262,1,1,1008,48
SynClone_GatePT140_2021_fobA_series11_press2.sub,SynClone,GatePT140,2021,A,11,2,433.92,PT2262,PT2262,1,1,1008,48
SynClone_GatePT140_2021_fobA_series11_press3.sub,SynClone,GatePT140,2021,A,11,3,433.92,PT2262,PT2262,1,1,1008,48
SynClone_GateEV141_2022_fobA_series11_press1.sub,SynClone,GateEV141,2022,A,11,1,315.00,EV1527,EV1527,1,1,656,40
SynClone_GateEV141_2022_fobA_series11_press2.sub,SynClone,GateEV141,2022,A,11,2,315.00,EV1527,EV1527,1,1,656,40
SynClone_GateEV141_2022_fobA_series11_press3.sub,SynClone,GateEV141,2022,A,11,3,315.00,EV1527,EV1527,1,1,656,40
SynWheel_Sensor20142_2023_fobA_series11_press1.sub,SynWheel,Sensor20142,2023,A,11,1,433.92,TPMS,TPMS,1,1,496,64
SynWheel_Sensor20142_2023_fobA_series11_press2.sub,SynWheel,Sensor20142,2023,A,11,2,433.92,TPMS,TPMS,1,1,496,64
SynWheel_Sensor20142_2023_fobA_series11_press3.sub,SynWheel,Sensor20142,2023,A,11,3,433.92,TPMS,TPMS,1,1,496,64
SynMotors_RollGuard143_2024_fobA_series12_press1.sub,SynMotors,RollGuard143,2024,A,12,1,433.92,KeeLoq-HCS300,KeeLoq-HCS300,1,1,400,156
SynMotors_RollGuard143_2024_fobA_series12_press2.sub,SynMotors,RollGuard143,2024,A,12,2,433.92,KeeLoq-HCS300,KeeLoq-HCS300,1,1,400,156
SynMotors_RollGuard143_2024_fobA_series12_press3.sub,SynMotors,RollGuard143,2024,A,12,3,433.92,KeeLoq-HCS300,KeeLoq-HCS300,1,1,400,156
SynGate_SecPlusII144_2016_fobA_series12_press1.sub,SynGate,SecPlusII144,2016,A,12,1,315.00,Security+2.0,Security+2.0,1,1,240,165
SynGate_SecPlusII144_2016_fobA_series12_press2.sub,SynGate,SecPlusII144,2016,A,12,2,315.00,Security+2.0,Security+2.0,1,1,240,165
SynGate_SecPlusII144_2016_fobA_series12_press3.sub,SynGate,SecPlusII144,2016,A,12,3,315.00,Security+2.0,Security+2.0,1,1,240,165
SynGate_SecPlusI145_2017_fobA_series12_press1.sub,SynGate,SecPlusI145,2017,A,12,1,315.00,Security+1.0,(no-decode),0,0,400,100
SynGate_SecPlusI145_2017_fobA_series12_press2.sub,SynGate,SecPlusI145,2017,A,12,2,315.00,Security+1.0,(no-decode),0,0,400,100
SynGate_SecPlusI145_2017_fobA_series12_press3.sub,SynGate,SecPlusI145,2017,A,12,3,315.00,Security+1.0,(no-decode),0,0,400,100
SynPortal_HanRoll146_2018_fobA_series12_press1.sub,SynPortal,HanRoll146,2018,A,12,1,433.92,DoorHan-Rolling,DoorHan-Rolling,1,1,816,84
SynPortal_HanRoll146_2018_fobA_series12_press2.sub,SynPortal,HanRoll146,2018,A,12,2,433.92,DoorHan-Rolling,DoorHan-Rolling,1,1,816,84
SynPortal_HanRoll146_2018_fobA_series12_press3.sub,SynPortal,HanRoll146,2018,A,12,3,433.92,DoorHan-Rolling,DoorHan-Rolling,1,1,816,84
SynBarrier_Cam12147_2019_fobA_series12_press1.sub,SynBarrier,Cam12147,2019,A,12,1,433.92,CAME-12,CAME-12,1,1,336,34
SynBarrier_Cam12147_2019_fobA_series12_press2.sub,SynBarrier,Cam12147,2019,A,12,2,433.92,CAME-12,CAME-12,1,1,336,34
SynBarrier_Cam12147_2019_fobA_series12_press3.sub,SynBarrier,Cam12147,2019,A,12,3,433.92,CAME-12,CAME-12,1,1,336,34
SynBarrier_FloFix148_2020_fobA_series12_press1.sub,SynBarrier,FloFix148,2020,A,12,1,433.92,Nice-FLO,Nice-FLO,1,1,592,39
SynBarrier_FloFix148_2020_fobA_series12_press2.sub,SynBarrier,FloFix148,2020,A,12,2,433.92,Nice-FLO,Nice-FLO,1,1,592,39
SynBarrier_FloFix148_2020_fobA_series12_press3.sub,SynBarrier,FloFix148,2020,A,12,3,433.92,Nice-FLO,Nice-FLO,1,1,592,39
SynClone_HT6149_2021_fobA_series12_press1.sub,SynClone,HT6149,2021,A,12,1,433.92,Holtek-HT6P20,Holtek-HT6P20,1,1,176,82
SynClone_HT6149_2021_fobA_series12_press2.sub,SynClone,HT6149,2021,A,12,2,433.92,Holtek-HT6P20,Holtek-HT6P20,1,1,176,82
SynClone_HT6149_2021_fobA_series12_press3.sub,SynClone,HT6149,2021,A,12,3,433.92,Holtek-HT6P20,Holtek-HT6P20,1,1,176,82
SynPortal_SlhFix150_2022_fobA_series12_press1.sub,SynPortal,SlhFix150,2022,A,12,1,433.92,FAAC-SLH,FAAC-SLH,1,1,304,168
SynPortal_SlhFix150_2022_fobA_series12_press2.sub,SynPortal,SlhFix150,2022,A,12,2,433.92,FAAC-SLH,FAAC-SLH,1,1,304,168
SynPortal_SlhFix150_2022_fobA_series12_press3.sub,SynPortal,SlhFix150,2022,A,12,3,433.92,FAAC-SLH,FAAC-SLH,1,1,304,168
SynClone_Anso12151_2023_fobA_series12_press1.sub,SynClone,Anso12151,2023,A,12,1,433.92,Ansonic-12,Ansonic-12,1,1,592,74
SynClone_Anso12151_2023_fobA_series12_press2.sub,SynClone,Anso12151,2023,A,12,2,433.92,Ansonic-12,Ansonic-12,1,1,592,74
SynClone_Anso12151_2023_fobA_series12_press3.sub,SynClone,Anso12151,2023,A,12,3,433.92,Ansonic-12,Ansonic-12,1,1,592,74
SynBarrier_Multi10152_2024_fobA_series12_press1.sub,SynBarrier,Multi10152,2024,A,12,1,300.00,Linear-10,Linear-10,1,1,1008,24
SynBarrier_Multi10152_2024_fobA_series12_press2.sub,SynBarrier,Multi10152,2024,A,12,2,300.00,Linear-10,Linear-10,1,1,1008,24
SynBarrier_Multi10152_2024_fobA_series12_press3.sub,SynBarrier,Multi10152,2024,A,12,3,300.00,Linear-10,Linear-10,1,1,1008,24
SynClone_GatePT153_2016_fobA_series12_press1.sub,SynClone,GatePT153,2016,A,12,1,433.92,PT2262,PT2262,1,1,1008,48
SynClone_GatePT153_2016_fobA_series12_press2.sub,SynClone,GatePT153,2016,A,12,2,433.92,PT2262,PT2262,1,1,1008,48
SynClone_GatePT153_2016_fobA_series12_press3.sub,SynClone,GatePT153,2016,A,12,3,433.92,PT2262,PT2262,1,1,1008,48
SynClone_GateEV154_2017_fobA_series12_press1.sub,SynClone,GateEV154,2017,A,12,1,315.00,EV1527,EV1527,1,1,656,40
SynClone_GateEV154_2017_fobA_series12_press2.sub,SynClone,GateEV154,2017,A,12,2,315.00,EV1527,EV1527,1,1,656,40
SynClone_GateEV154_2017_fobA_series12_press3.sub,SynClone,GateEV154,2017,A,12,3,315.00,EV1527,EV1527,1,1,656,40
SynWheel_Sensor20155_2018_fobA_series12_press1.sub,SynWheel,Sensor20155,2018,A,12,1,433.92,TPMS,TPMS,1,1,496,64
SynWheel_Sensor20155_2018_fobA_series12_press2.sub,SynWheel,Sensor20155,2018,A,12,2,433.92,TPMS,TPMS,1,1,496,64
SynWheel_Sensor20155_2018_fobA_series12_press3.sub,SynWheel,Sensor20155,2018,A,12,3,433.92,TPMS,TPMS,1,1,496,64
SynMotors_RollGuard156_2019_fobA_series13_press1.sub,SynMotors,RollGuard156,2019,A,13,1,433.92,KeeLoq-HCS300,KeeLoq-HCS300,1,1,400,156
SynMotors_RollGuard156_2019_fobA_series13_press2.sub,SynMotors,RollGuard156,2019,A,13,2,433.92,KeeLoq-HCS300,KeeLoq-HCS300,1,1,400,156
SynMotors_RollGuard156_2019_fobA_series13_press3.sub,SynMotors,RollGuard156,2019,A,13,3,433.92,KeeLoq-HCS300,KeeLoq-HCS300,1,1,400,156
SynGate_SecPlusII157_2020_fobA_series13_press1.sub,SynGate,SecPlusII157,2020,A,13,1,315.00,Security+2.0,Security+2.0,1,1,240,165
SynGate_SecPlusII157_2020_fobA_series13_press2.sub,SynGate,SecPlusII157,2020,A,13,2,315.00,Security+2.0,Security+2.0,1,1,240,165
SynGate_SecPlusII157_2020_fobA_series13_press3.sub,SynGate,SecPlusII157,2020,A,13,3,315.00,Security+2.0,Security+2.0,1,1,240,165
SynGate_SecPlusI158_2021_fobA_series13_press1.sub,SynGate,SecPlusI158,2021,A,13,1,315.00,Security+1.0,(no-decode),0,0,400,100
SynGate_SecPlusI158_2021_fobA_series13_press2.sub,SynGate,SecPlusI158,2021,A,13,2,315.00,Security+1.0,(no-decode),0,0,400,100
SynGate_SecPlusI158_2021_fobA_series13_press3.sub,SynGate,SecPlusI158,2021,A,13,3,315.00,Security+1.0,(no-decode),0,0,400,100
SynPortal_HanRoll159_2022_fobA_series13_press1.sub,SynPortal,HanRoll159,2022,A,13,1,433.92,DoorHan-Rolling,DoorHan-Rolling,1,1,816,84
SynPortal_HanRoll159_2022_fobA_series13_press2.sub,SynPortal,HanRoll159,2022,A,13,2,433.92,DoorHan-Rolling,DoorHan-Rolling,1,1,816,84
SynPortal_HanRoll159_2022_fobA_series13_press3.sub,SynPortal,HanRoll159,2022,A,13,3,433.92,DoorHan-Rolling,DoorHan-Rolling,1,1,816,84
SynBarrier_Cam12160_2023_fobA_series13_press1.sub,SynBarrier,Cam12160,2023,A,13,1,433.92,CAME-12,CAME-12,1,1,336,34
SynBarrier_Cam12160_2023_fobA_series13_press2.sub,SynBarrier,Cam12160,2023,A,13,2,433.92,CAME-12,CAME-12,1,1,336,34
SynBarrier_Cam12160_2023_fobA_series13_press3.sub,SynBarrier,Cam12160,2023,A,13,3,433.92,CAME-12,CAME-12,1,1,336,34
SynBarrier_FloFix161_2024_fobA_series13_press1.sub,SynBarrier,FloFix161,2024,A,13,1,433.92,Nice-FLO,Nice-FLO,1,1,592,39
SynBarrier_FloFix161_2024_fobA_series13_press2.sub,SynBarrier,FloFix161,2024,A,13,2,433.92,Nice-FLO,Nice-FLO,1,1,592,39
SynBarrier_FloFix161_2024_fobA_series13_press3.sub,SynBarrier,FloFix161,2024,A,13,3,433.92,Nice-FLO,Nice-FLO,1,1,592,39
SynClone_HT6162_2016_fobA_series13_press1.sub,SynClone,HT6162,2016,A,13,1,433.92,Holtek-HT6P20,Holtek-HT6P20,1,1,176,82
SynClone_HT6162_2016_fobA_series13_press2.sub,SynClone,HT6162,2016,A,13,2,433.92,Holtek-HT6P20,Holtek-HT6P20,1,1,176,82
SynClone_HT6162_2016_fobA_series13_press3.sub,SynClone,HT6162,2016,A,13,3,433.92,Holtek-HT6P20,Holtek-HT6P20,1,1,176,82
SynPortal_SlhFix163_2017_fobA_series13_press1.sub,SynPortal,SlhFix163,2017,A,13,1,433.92,FAAC-SLH,FAAC-SLH,1,1,304,168
SynPortal_SlhFix163_2017_fobA_series13_press2.sub,SynPortal,SlhFix163,2017,A,13,2,433.92,FAAC-SLH,FAAC-SLH,1,1,304,168
SynPortal_SlhFix163_2017_fobA_series13_press3.sub,SynPortal,SlhFix163,2017,A,13,3,433.92,FAAC-SLH,FAAC-SLH,1,1,304,168
SynClone_Anso12164_2018_fobA_series13_press1.sub,SynClone,Anso12164,2018,A,13,1,433.92,Ansonic-12,Ansonic-12,1,1,592,74
SynClone_Anso12164_2018_fobA_series13_press2.sub,SynClone,Anso12164,2018,A,13,2,433.92,Ansonic-12,Ansonic-12,1,1,592,74
SynClone_Anso12164_2018_fobA_series13_press3.sub,SynClone,Anso12164,2018,A,13,3,433.92,Ansonic-12,Ansonic-12,1,1,592,74
SynBarrier_Multi10165_2019_fobA_series13_press1.sub,SynBarrier,Multi10165,2019,A,13,1,300.00,Linear-10,Linear-10,1,1,1008,24
SynBarrier_Multi10165_2019_fobA_series13_press2.sub,SynBarrier,Multi10165,2019,A,13,2,300.00,Linear-10,Linear-10,1,1,1008,24
SynBarrier_Multi10165_2019_fobA_series13_press3.sub,SynBarrier,Multi10165,2019,A,13,3,300.00,Linear-10,Linear-10,1,1,1008,24
SynClone_GatePT166_2020_fobA_series13_press1.sub,SynClone,GatePT166,2020,A,13,1,433.92,PT2262,PT2262,1,1,1008,48
SynClone_GatePT166_2020_fobA_series13_press2.sub,SynClone,GatePT166,2020,A,13,2,433.92,PT2262,PT2262,1,1,1008,48
SynClone_GatePT166_2020_fobA_series13_press3.sub,SynClone,GatePT166,2020,A,13,3,433.92,PT2262,PT2262,1,1,1008,48
SynClone_GateEV167_2021_fobA_series13_press1.sub,SynClone,GateEV167,2021,A,13,1,315.00,EV1527,EV1527,1,1,656,40
SynClone_GateEV167_2021_fobA_series13_press2.sub,SynClone,GateEV167,2021,A,13,2,315.00,EV1527,EV1527,1,1,656,40
SynClone_GateEV167_2021_fobA_series13_press3.sub,SynClone,GateEV167,2021,A,13,3,315.00,EV1527,EV1527,1,1,656,40
SynWheel_Sensor20168_2022_fobA_series13_press1.sub,SynWheel,Sensor20168,2022,A,13,1,433.92,TPMS,TPMS,1,1,496,64
SynWheel_Sensor20168_2022_fobA_series13_press2.sub,SynWheel,Sensor20168,2022,A,13,2,433.92,TPMS,TPMS,1,1,496,64
SynWheel_Sensor20168_2022_fobA_series13_press3.sub,SynWheel,Sensor20168,2022,A,13,3,433.92,TPMS,TPMS,1,1,496,64
SynMotors_RollGuard169_2023_fobA_series14_press1.sub,SynMotors,RollGuard169,2023,A,14,1,433.92,KeeLoq-HCS300,KeeLoq-HCS300,1,1,400,156
SynMotors_RollGuard169_2023_fobA_series14_press2.sub,SynMotors,RollGuard169,2023,A,14,2,433.92,KeeLoq-HCS300,KeeLoq-HCS300,1,1,400,156
SynMotors_RollGuard169_2023_fobA_series14_press3.sub,SynMotors,RollGuard169,2023,A,14,3,433.92,KeeLoq-HCS300,KeeLoq-HCS300,1,1,400,156
SynGate_SecPlusII170_2024_fobA_series14_press1.sub,SynGate,SecPlusII170,2024,A,14,1,315.00,Security+2.0,Security+2.0,1,1,240,165
SynGate_SecPlusII170_2024_fobA_series14_press2.sub,SynGate,SecPlusII170,2024,A,14,2,315.00,Security+2.0,Security+2.0,1,1,240,165
SynGate_SecPlusII170_2024_fobA_series14_press3.sub,SynGate,SecPlusII170,2024,A,14,3,315.00,Security+2.0,Security+2.0,1,1,240,165
SynGate_SecPlusI171_2016_fobA_series14_press1.sub,SynGate,SecPlusI171,2016,A,14,1,315.00,Security+1.0,(no-decode),0,0,400,100
SynGate_SecPlusI171_2016_fobA_series14_press2.sub,SynGate,SecPlusI171,2016,A,14,2,315.00,Security+1.0,(no-decode),0,0,400,100
SynGate_SecPlusI171_2016_fobA_series14_press3.sub,SynGate,SecPlusI171,2016,A,14,3,315.00,Security+1.0,(no-decode),0,0,400,100
SynPortal_HanRoll172_2017_fobA_series14_press1.sub,SynPortal,HanRoll172,2017,A,14,1,433.92,DoorHan-Rolling,DoorHan-Rolling,1,1,816,84
SynPortal_HanRoll172_2017_fobA_series14_press2.sub,SynPortal,HanRoll172,2017,A,14,2,433.92,DoorHan-Rolling,DoorHan-Rolling,1,1,816,84
SynPortal_HanRoll172_2017_fobA_series14_press3.sub,SynPortal,HanRoll172,2017,A,14,3,433.92,DoorHan-Rolling,DoorHan-Rolling,1,1,816,84
SynBarrier_Cam12173_2018_fobA_series14_press1.sub,SynBarrier,Cam12173,2018,A,14,1,433.92,CAME-12,CAME-12,1,1,336,34
SynBarrier_Cam12173_2018_fobA_series14_press2.sub,SynBarrier,Cam12173,2018,A,14,2,433.92,CAME-12,CAME-12,1,1,336,34
SynBarrier_Cam12173_2018_fobA_series14_press3.sub,SynBarrier,Cam12173,2018,A,14,3,433.92,CAME-12,CAME-12,1,1,336,34
SynBarrier_FloFix174_2019_fobA_series14_press1.sub,SynBarrier,FloFix174,2019,A,14,1,433.92,Nice-FLO,Nice-FLO,1,1,592,39
SynBarrier_FloFix174_2019_fobA_series14_press2.sub,SynBarrier,FloFix174,2019,A,14,2,433.92,Nice-FLO,Nice-FLO,1,1,592,39
SynBarrier_FloFix174_2019_fobA_series14_press3.sub,SynBarrier,FloFix174,2019,A,14,3,433.92,Nice-FLO,Nice-FLO,1,1,592,39
SynClone_HT6175_2020_fobA_series14_press1.sub,SynClone,HT6175,2020,A,14,1,433.92,Holtek-HT6P20,Holtek-HT6P20,1,1,176,82
SynClone_HT6175_2020_fobA_series14_press2.sub,SynClone,HT6175,2020,A,14,2,433.92,Holtek-HT6P20,Holtek-HT6P20,1,1,176,82
SynClone_HT6175_2020_fobA_series14_press3.sub,SynClone,HT6175,2020,A,14,3,433.92,Holtek-HT6P20,Holtek-HT6P20,1,1,176,82
SynPortal_SlhFix176_2021_fobA_series14_press1.sub,SynPortal,SlhFix176,2021,A,14,1,433.92,FAAC-SLH,FAAC-SLH,1,1,304,168
SynPortal_SlhFix176_2021_fobA_series14_press2.sub,SynPortal,SlhFix176,2021,A,14,2,433.92,FAAC-SLH,FAAC-SLH,1,1,304,168
SynPortal_SlhFix176_2021_fobA_series14_press3.sub,SynPortal,SlhFix176,2021,A,14,3,433.92,FAAC-SLH,FAAC-SLH,1,1,304,168
SynClone_Anso12177_2022_fobA_series14_press1.sub,SynClone,Anso12177,2022,A,14,1,433.92,Ansonic-12,Ansonic-12,1,1,592,74
SynClone_Anso12177_2022_fobA_series14_press2.sub,SynClone,Anso12177,2022,A,14,2,433.92,Ansonic-12,Ansonic-12,1,1,592,74
SynClone_Anso12177_2022_fobA_series14_press3.sub,SynClone,Anso12177,2022,A,14,3,433.92,Ansonic-12,Ansonic-12,1,1,592,74
SynBarrier_Multi10178_2023_fobA_series14_press1.sub,SynBarrier,Multi10178,2023,A,14,1,300.00,Linear-10,Linear-10,1,1,1008,24
SynBarrier_Multi10178_2023_fobA_series14_press2.sub,SynBarrier,Multi10178,2023,A,14,2,300.00,Linear-10,Linear-10,1,1,1008,24
SynBarrier_Multi10178_2023_fobA_series14_press3.sub,SynBarrier,Multi10178,2023,A,14,3,300.00,Linear-10,Linear-10,1,1,1008,24
SynClone_GatePT179_2024_fobA_series14_press1.sub,SynClone,GatePT179,2024,A,14,1,433.92,PT2262,PT2262,1,1,1008,48
SynClone_GatePT179_2024_fobA_series14_press2.sub,SynClone,GatePT179,2024,A,14,2,433.92,PT2262,PT2262,1,1,1008,48
SynClone_GatePT179_2024_fobA_series14_press3.sub,SynClone,GatePT179,2024,A,14,3,433.92,PT2262,PT2262,1,1,1008,48
SynClone_GateEV180_2016_fobA_series14_press1.sub,SynClone,GateEV180,2016,A,14,1,315.00,EV1527,EV1527,1,1,656,40
SynClone_GateEV180_2016_fobA_series14_press2.sub,SynClone,GateEV180,2016,A,14,2,315.00,EV1527,EV1527,1,1,656,40
SynClone_GateEV180_2016_fobA_series14_press3.sub,SynClone,GateEV180,2016,A,14,3,315.00,EV1527,EV1527,1,1,656,40
SynWheel_Sensor20181_2017_fobA_series14_press1.sub,SynWheel,Sensor20181,2017,A,14,1,433.92,TPMS,TPMS,1,1,496,64
SynWheel_Sensor20181_2017_fobA_series14_press2.sub,SynWheel,Sensor20181,2017,A,14,2,433.92,TPMS,TPMS,1,1,496,64
SynWheel_Sensor20181_2017_fobA_series14_press3.sub,SynWheel,Sensor20181,2017,A,14,3,433.92,TPMS,TPMS,1,1,496,64
SynMotors_RollGuard182_2018_fobA_series15_press1.sub,SynMotors,RollGuard182,2018,A,15,1,433.92,KeeLoq-HCS300,KeeLoq-HCS300,1,1,400,156
SynMotors_RollGuard182_2018_fobA_series15_press2.sub,SynMotors,RollGuard182,2018,A,15,2,433.92,KeeLoq-HCS300,KeeLoq-HCS300,1,1,400,156
SynMotors_RollGuard182_2018_fobA_series15_press3.sub,SynMotors,RollGuard182,2018,A,15,3,433.92,KeeLoq-HCS300,KeeLoq-HCS300,1,1,400,156
SynGate_SecPlusII183_2019_fobA_series15_press1.sub,SynGate,SecPlusII183,2019,A,15,1,315.00,Security+2.0,Security+2.0,1,1,240,165
SynGate_SecPlusII183_2019_fobA_series15_press2.sub,SynGate,SecPlusII183,2019,A,15,2,315.00,Security+2.0,Security+2.0,1,1,240,165
SynGate_SecPlusII183_2019_fobA_series15_press3.sub,SynGate,SecPlusII183,2019,A,15,3,315.00,Security+2.0,Security+2.0,1,1,240,165
SynGate_SecPlusI184_2020_fobA_series15_press1.sub,SynGate,SecPlusI184,2020,A,15,1,315.00,Security+1.0,(no-decode),0,0,400,100
SynGate_SecPlusI184_2020_fobA_series15_press2.sub,SynGate,SecPlusI184,2020,A,15,2,315.00,Security+1.0,(no-decode),0,0,400,100
SynGate_SecPlusI184_2020_fobA_series15_press3.sub,SynGate,SecPlusI184,2020,A,15,3,315.00,Security+1.0,(no-decode),0,0,400,100
SynPortal_HanRoll185_2021_fobA_series15_press1.sub,SynPortal,HanRoll185,2021,A,15,1,433.92,DoorHan-Rolling,DoorHan-Rolling,1,1,816,84
SynPortal_HanRoll185_2021_fobA_series15_press2.sub,SynPortal,HanRoll185,2021,A,15,2,433.92,DoorHan-Rolling,DoorHan-Rolling,1,1,816,84
SynPortal_HanRoll185_2021_fobA_series15_press3.sub,SynPortal,HanRoll185,2021,A,15,3,433.92,DoorHan-Rolling,DoorHan-Rolling,1,1,816,84
SynBarrier_Cam12186_2022_fobA_series15_press1.sub,SynBarrier,Cam12186,2022,A,15,1,433.92,CAME-12,CAME-12,1,1,336,34
SynBarrier_Cam12186_2022_fobA_series15_press2.sub,SynBarrier,Cam12186,2022,A,15,2,433.92,CAME-12,CAME-12,1,1,336,34
SynBarrier_Cam12186_2022_fobA_series15_press3.sub,SynBarrier,Cam12186,2022,A,15,3,433.92,CAME-12,CAME-12,1,1,336,34
SynBarrier_FloFix187_2023_fobA_series15_press1.sub,SynBarrier,FloFix187,2023,A,15,1,433.92,Nice-FLO,Nice-FLO,1,1,592,39
SynBarrier_FloFix187_2023_fobA_series15_press2.sub,SynBarrier,FloFix187,2023,A,15,2,433.92,Nice-FLO,Nice-FLO,1,1,592,39
SynBarrier_FloFix187_2023_fobA_series15_press3.sub,SynBarrier,FloFix187,2023,A,15,3,433.92,Nice-FLO,Nice-FLO,1,1,592,39
SynClone_HT6188_2024_fobA_series15_press1.sub,SynClone,HT6188,2024,A,15,1,433.92,Holtek-HT6P20,Holtek-HT6P20,1,1,176,82
SynClone_HT6188_2024_fobA_series15_press2.sub,SynClone,HT6188,2024,A,15,2,433.92,Holtek-HT6P20,Holtek-HT6P20,1,1,176,82
SynClone_HT6188_2024_fobA_series15_press3.sub,SynClone,HT6188,2024,A,15,3,433.92,Holtek-HT6P20,Holtek-HT6P20,1,1,176,82
SynPortal_SlhFix189_2016_fobA_series15_press1.sub,SynPortal,SlhFix189,2016,A,15,1,433.92,FAAC-SLH,FAAC-SLH,1,1,304,168
SynPortal_SlhFix189_2016_fobA_series15_press2.sub,SynPortal,SlhFix189,2016,A,15,2,433.92,FAAC-SLH,FAAC-SLH,1,1,304,168
SynPortal_SlhFix189_2016_fobA_series15_press3.sub,SynPortal,SlhFix189,2016,A,15,3,433.92,FAAC-SLH,FAAC-SLH,1,1,304,168
SynClone_Anso12190_2017_fobA_series15_press1.sub,SynClone,Anso12190,2017,A,15,1,433.92,Ansonic-12,Ansonic-12,1,1,592,74
SynClone_Anso12190_2017_fobA_series15_press2.sub,SynClone,Anso12190,2017,A,15,2,433.92,Ansonic-12,Ansonic-12,1,1,592,74
SynClone_Anso12190_2017_fobA_series15_press3.sub,SynClone,Anso12190,2017,A,15,3,433.92,Ansonic-12,Ansonic-12,1,1,592,74
SynBarrier_Multi10191_2018_fobA_series15_press1.sub,SynBarrier,Multi10191,2018,A,15,1,300.00,Linear-10,Linear-10,1,1,1008,24
SynBarrier_Multi10191_2018_fobA_series15_press2.sub,SynBarrier,Multi10191,2018,A,15,2,300.00,Linear-10,Linear-10,1,1,1008,24
SynBarrier_Multi10191_2018_fobA_series15_press3.sub,SynBarrier,Multi10191,2018,A,15,3,300.00,Linear-10,Linear-10,1,1,1008,24
SynClone_GatePT192_2019_fobA_series15_press1.sub,SynClone,GatePT192,2019,A,15,1,433.92,PT2262,PT2262,1,1,1008,48
SynClone_GatePT192_2019_fobA_series15_press2.sub,SynClone,GatePT192,2019,A,15,2,433.92,PT2262,PT2262,1,1,1008,48
SynClone_GatePT192_2019_fobA_series15_press3.sub,SynClone,GatePT192,2019,A,15,3,433.92,PT2262,PT2262,1,1,1008,48
SynClone_GateEV193_2020_fobA_series15_press1.sub,SynClone,GateEV193,2020,A,15,1,315.00,EV1527,EV1527,1,1,656,40
SynClone_GateEV193_2020_fobA_series15_press2.sub,SynClone,GateEV193,2020,A,15,2,315.00,EV1527,EV1527,1,1,656,40
SynClone_GateEV193_2020_fobA_series15_press3.sub,SynClone,GateEV193,2020,A,15,3,315.00,EV1527,EV1527,1,1,656,40
SynWheel_Sensor20194_2021_fobA_series15_press1.sub,SynWheel,Sensor20194,2021,A,15,1,433.92,TPMS,TPMS,1,1,496,64
SynWheel_Sensor20194_2021_fobA_series15_press2.sub,SynWheel,Sensor20194,2021,A,15,2,433.92,TPMS,TPMS,1,1,496,64
SynWheel_Sensor20194_2021_fobA_series15_press3.sub,SynWheel,Sensor20194,2021,A,15,3,433.92,TPMS,TPMS,1,1,496,64
SynMotors_RollGuard195_2022_fobA_series16_press1.sub,SynMotors,RollGuard195,2022,A,16,1,433.92,KeeLoq-HCS300,KeeLoq-HCS300,1,1,400,156
SynMotors_RollGuard195_2022_fobA_series16_press2.sub,SynMotors,RollGuard195,2022,A,16,2,433.92,KeeLoq-HCS300,KeeLoq-HCS300,1,1,400,156
SynMotors_RollGuard195_2022_fobA_series16_press3.sub,SynMotors,RollGuard195,2022,A,16,3,433.92,KeeLoq-HCS300,KeeLoq-HCS300,1,1,400,156
SynGate_SecPlusII196_2023_fobA_series16_press1.sub,SynGate,SecPlusII196,2023,A,16,1,315.00,Security+2.0,Security+2.0,1,1,240,165
SynGate_SecPlusII196_2023_fobA_series16_press2.sub,SynGate,SecPlusII196,2023,A,16,2,315.00,Security+2.0,Security+2.0,1,1,240,165
SynGate_SecPlusII196_2023_fobA_series16_press3.sub,SynGate,SecPlusII196,2023,A,16,3,315.00,Security+2.0,Security+2.0,1,1,240,165
SynGate_SecPlusI197_2024_fobA_series16_press1.sub,SynGate,SecPlusI197,2024,A,16,1,315.00,Security+1.0,(no-decode),0,0,400,100
SynGate_SecPlusI197_2024_fobA_series16_press2.sub,SynGate,SecPlusI197,2024,A,16,2,315.00,Security+1.0,(no-decode),0,0,400,100
SynGate_SecPlusI197_2024_fobA_series16_press3.sub,SynGate,SecPlusI197,2024,A,16,3,315.00,Security+1.0,(no-decode),0,0,400,100
SynPortal_HanRoll198_2016_fobA_series16_press1.sub,SynPortal,HanRoll198,2016,A,16,1,433.92,DoorHan-Rolling,DoorHan-Rolling,1,1,816,84
SynPortal_HanRoll198_2016_fobA_series16_press2.sub,SynPortal,HanRoll198,2016,A,16,2,433.92,DoorHan-Rolling,DoorHan-Rolling,1,1,816,84
SynPortal_HanRoll198_2016_fobA_series16_press3.sub,SynPortal,HanRoll198,2016,A,16,3,433.92,DoorHan-Rolling,DoorHan-Rolling,1,1,816,84
SynBarrier_Cam12199_2017_fobA_series16_press1.sub,SynBarrier,Cam12199,2017,A,16,1,433.92,CAME-12,CAME-12,1,1,336,34
SynBarrier_Cam12199_2017_fobA_series16_press2.sub,SynBarrier,Cam12199,2017,A,16,2,433.92,CAME-12,CAME-12,1,1,336,34
SynBarrier_Cam12199_2017_fobA_series16_press3.sub,SynBarrier,Cam12199,2017,A,16,3,433.92,CAME-12,CAME-12,1,1,336,34
SynBarrier_FloFix200_2018_fobA_series16_press1.sub,SynBarrier,FloFix200,2018,A,16,1,433.92,Nice-FLO,Nice-FLO,1,1,592,39
SynBarrier_FloFix200_2018_fobA_series16_press2.sub,SynBarrier,FloFix200,2018,A,16,2,433.92,Nice-FLO,Nice-FLO,1,1,592,39
SynBarrier_FloFix200_2018_fobA_series16_press3.sub,SynBarrier,FloFix200,2018,A,16,3,433.92,Nice-FLO,Nice-FLO,1,1,592,39
SynClone_HT6201_2019_fobA_series16_press1.sub,SynClone,HT6201,2019,A,16,1,433.92,Holtek-HT6P20,Holtek-HT6P20,1,1,176,82
SynClone_HT6201_2019_fobA_series16_press2.sub,SynClone,HT6201,2019,A,16,2,433.92,Holtek-HT6P20,Holtek-HT6P20,1,1,176,82
SynClone_HT6201_2019_fobA_series16_press3.sub,SynClone,HT6201,2019,A,16,3,433.92,Holtek-HT6P20,Holtek-HT6P20,1,1,176,82
SynPortal_SlhFix202_2020_fobA_series16_press1.sub,SynPortal,SlhFix202,2020,A,16,1,433.92,FAAC-SLH,FAAC-SLH,1,1,304,168
SynPortal_SlhFix202_2020_fobA_series16_press2.sub,SynPortal,SlhFix202,2020,A,16,2,433.92,FAAC-SLH,FAAC-SLH,1,1,304,168
SynPortal_SlhFix202_2020_fobA_series16_press3.sub,SynPortal,SlhFix202,2020,A,16,3,433.92,FAAC-SLH,FAAC-SLH,1,1,304,168
SynClone_Anso12203_2021_fobA_series16_press1.sub,SynClone,Anso12203,2021,A,16,1,433.92,Ansonic-12,Ansonic-12,1,1,592,74
SynClone_Anso12203_2021_fobA_series16_press2.sub,SynClone,Anso12203,2021,A,16,2,433.92,Ansonic-12,Ansonic-12,1,1,592,74
SynClone_Anso12203_2021_fobA_series16_press3.sub,SynClone,Anso12203,2021,A,16,3,433.92,Ansonic-12,Ansonic-12,1,1,592,74
SynBarrier_Multi10204_2022_fobA_series16_press1.sub,SynBarrier,Multi10204,2022,A,16,1,300.00,Linear-10,Linear-10,1,1,1008,24
SynBarrier_Multi10204_2022_fobA_series16_press2.sub,SynBarrier,Multi10204,2022,A,16,2,300.00,Linear-10,Linear-10,1,1,1008,24
SynBarrier_Multi10204_2022_fobA_series16_press3.sub,SynBarrier,Multi10204,2022,A,16,3,300.00,Linear-10,Linear-10,1,1,1008,24
SynClone_GatePT205_2023_fobA_series16_press1.sub,SynClone,GatePT205,2023,A,16,1,433.92,PT2262,PT2262,1,1,1008,48
SynClone_GatePT205_2023_fobA_series16_press2.sub,SynClone,GatePT205,2023,A,16,2,433.92,PT2262,PT2262,1,1,1008,48
SynClone_GatePT205_2023_fobA_series16_press3.sub,SynClone,GatePT205,2023,A,16,3,433.92,PT2262,PT2262,1,1,1008,48
SynClone_GateEV206_2024_fobA_series16_press1.sub,SynClone,GateEV206,2024,A,16,1,315.00,EV1527,EV1527,1,1,656,40
SynClone_GateEV206_2024_fobA_series16_press2.sub,SynClone,GateEV206,2024,A,16,2,315.00,EV1527,EV1527,1,1,656,40
SynClone_GateEV206_2024_fobA_series16_press3.sub,SynClone,GateEV206,2024,A,16,3,315.00,EV1527,EV1527,1,1,656,40
SynWheel_Sensor20207_2016_fobA_series16_press1.sub,SynWheel,Sensor20207,2016,A,16,1,433.92,TPMS,TPMS,1,1,496,64
SynWheel_Sensor20207_2016_fobA_series16_press2.sub,SynWheel,Sensor20207,2016,A,16,2,433.92,TPMS,TPMS,1,1,496,64
SynWheel_Sensor20207_2016_fobA_series16_press3.sub,SynWheel,Sensor20207,2016,A,16,3,433.92,TPMS,TPMS,1,1,496,64
SynMotors_RollGuard208_2017_fobA_series17_press1.sub,SynMotors,RollGuard208,2017,A,17,1,433.92,KeeLoq-HCS300,KeeLoq-HCS300,1,1,400,156
SynMotors_RollGuard208_2017_fobA_series17_press2.sub,SynMotors,RollGuard208,2017,A,17,2,433.92,KeeLoq-HCS300,KeeLoq-HCS300,1,1,400,156
SynMotors_RollGuard208_2017_fobA_series17_press3.sub,SynMotors,RollGuard208,2017,A,17,3,433.92,KeeLoq-HCS300,KeeLoq-HCS300,1,1,400,156
SynGate_SecPlusII209_2018_fobA_series17_press1.sub,SynGate,SecPlusII209,2018,A,17,1,315.00,Security+2.0,Security+2.0,1,1,240,165
SynGate_SecPlusII209_2018_fobA_series17_press2.sub,SynGate,SecPlusII209,2018,A,17,2,315.00,Security+2.0,Security+2.0,1,1,240,165
SynGate_SecPlusII209_2018_fobA_series17_press3.sub,SynGate,SecPlusII209,2018,A,17,3,315.00,Security+2.0,Security+2.0,1,1,240,165
SynGate_SecPlusI210_2019_fobA_series17_press1.sub,SynGate,SecPlusI210,2019,A,17,1,315.00,Security+1.0,(no-decode),0,0,400,100
SynGate_SecPlusI210_2019_fobA_series17_press2.sub,SynGate,SecPlusI210,2019,A,17,2,315.00,Security+1.0,(no-decode),0,0,400,100
SynGate_SecPlusI210_2019_fobA_series17_press3.sub,SynGate,SecPlusI210,2019,A,17,3,315.00,Security+1.0,(no-decode),0,0,400,100
SynPortal_HanRoll211_2020_fobA_series17_press1.sub,SynPortal,HanRoll211,2020,A,17,1,433.92,DoorHan-Rolling,DoorHan-Rolling,1,1,816,84
SynPortal_HanRoll211_2020_fobA_series17_press2.sub,SynPortal,HanRoll211,2020,A,17,2,433.92,DoorHan-Rolling,DoorHan-Rolling,1,1,816,84
SynPortal_HanRoll211_2020_fobA_series17_press3.sub,SynPortal,HanRoll211,2020,A,17,3,433.92,DoorHan-Rolling,DoorHan-Rolling,1,1,816,84
SynBarrier_Cam12212_2021_fobA_series17_press1.sub,SynBarrier,Cam12212,2021,A,17,1,433.92,CAME-12,CAME-12,1,1,336,34
SynBarrier_Cam12212_2021_fobA_series17_press2.sub,SynBarrier,Cam12212,2021,A,17,2,433.92,CAME-12,CAME-12,1,1,336,34
SynBarrier_Cam12212_2021_fobA_series17_press3.sub,SynBarrier,Cam12212,2021,A,17,3,433.92,CAME-12,CAME-12,1,1,336,34
SynBarrier_FloFix213_2022_fobA_series17_press1.sub,SynBarrier,FloFix213,2022,A,17,1,433.92,Nice-FLO,Nice-FLO,1,1,592,39
SynBarrier_FloFix213_2022_fobA_series17_press2.sub,SynBarrier,FloFix213,2022,A,17,2,433.92,Nice-FLO,Nice-FLO,1,1,592,39
SynBarrier_FloFix213_2022_fobA_series17_press3.sub,SynBarrier,FloFix213,2022,A,17,3,433.92,Nice-FLO,Nice-FLO,1,1,592,39
SynClone_HT6214_2023_fobA_series17_press1.sub,SynClone,HT6214,2023,A,17,1,433.92,Holtek-HT6P20,Holtek-HT6P20,1,1,176,82
SynClone_HT6214_2023_fobA_series17_press2.sub,SynClone,HT6214,2023,A,17,2,433.92,Holtek-HT6P20,Holtek-HT6P20,1,1,176,82
SynClone_HT6214_2023_fobA_series17_press3.sub,SynClone,HT6214,2023,A,17,3,433.92,Holtek-HT6P20,Holtek-HT6P20,1,1,176,82
SynPortal_SlhFix215_2024_fobA_series17_press1.sub,SynPortal,SlhFix215,2024,A,17,1,433.92,FAAC-SLH,FAAC-SLH,1,1,304,168
SynPortal_SlhFix215_2024_fobA_series17_press2.sub,SynPortal,SlhFix215,2024,A,17,2,433.92,FAAC-SLH,FAAC-SLH,1,1,304,168
SynPortal_SlhFix215_2024_fobA_series17_press3.sub,SynPortal,SlhFix215,2024,A,17,3,433.92,FAAC-SLH,FAAC-SLH,1,1,304,168
SynClone_Anso12216_2016_fobA_series17_press1.sub,SynClone,Anso12216,2016,A,17,1,433.92,Ansonic-12,Ansonic-12,1,1,592,74
SynClone_Anso12216_2016_fobA_series17_press2.sub,SynClone,Anso12216,2016,A,17,2,433.92,Ansonic-12,Ansonic-12,1,1,592,74
SynClone_Anso12216_2016_fobA_series17_press3.sub,SynClone,Anso12216,2016,A,17,3,433.92,Ansonic-12,Ansonic-12,1,1,592,74
SynBarrier_Multi10217_2017_fobA_series17_press1.sub,SynBarrier,Multi10217,2017,A,17,1,300.00,Linear-10,Linear-10,1,1,1008,24
SynBarrier_Multi10217_2017_fobA_series17_press2.sub,SynBarrier,Multi10217,2017,A,17,2,300.00,Linear-10,Linear-10,1,1,1008,24
SynBarrier_Multi10217_2017_fobA_series17_press3.sub,SynBarrier,Multi10217,2017,A,17,3,300.00,Linear-10,Linear-10,1,1,1008,24
SynClone_GatePT218_2018_fobA_series17_press1.sub,SynClone,GatePT218,2018,A,17,1,433.92,PT2262,PT2262,1,1,1008,48
SynClone_GatePT218_2018_fobA_series17_press2.sub,SynClone,GatePT218,2018,A,17,2,433.92,PT2262,PT2262,1,1,1008,48
SynClone_GatePT218_2018_fobA_series17_press3.sub,SynClone,GatePT218,2018,A,17,3,433.92,PT2262,PT2262,1,1,1008,48
SynClone_GateEV219_2019_fobA_series17_press1.sub,SynClone,GateEV219,2019,A,17,1,315.00,EV1527,EV1527,1,1,656,40
SynClone_GateEV219_2019_fobA_series17_press2.sub,SynClone,GateEV219,2019,A,17,2,315.00,EV1527,EV1527,1,1,656,40
SynClone_GateEV219_2019_fobA_series17_press3.sub,SynClone,GateEV219,2019,A,17,3,315.00,EV1527,EV1527,1,1,656,40
SynWheel_Sensor20220_2020_fobA_series17_press1.sub,SynWheel,Sensor20220,2020,A,17,1,433.92,TPMS,TPMS,1,1,496,64
SynWheel_Sensor20220_2020_fobA_series17_press2.sub,SynWheel,Sensor20220,2020,A,17,2,433.92,TPMS,TPMS,1,1,496,64
SynWheel_Sensor20220_2020_fobA_series17_press3.sub,SynWheel,Sensor20220,2020,A,17,3,433.92,TPMS,TPMS,1,1,496,64
SynMotors_RollGuard221_2021_fobA_series18_press1.sub,SynMotors,RollGuard221,2021,A,18,1,433.92,KeeLoq-HCS300,KeeLoq-HCS300,1,1,400,156
SynMotors_RollGuard221_2021_fobA_series18_press2.sub,SynMotors,RollGuard221,2021,A,18,2,433.92,KeeLoq-HCS300,KeeLoq-HCS300,1,1,400,156
SynMotors_RollGuard221_2021_fobA_series18_press3.sub,SynMotors,RollGuard221,2021,A,18,3,433.92,KeeLoq-HCS300,KeeLoq-HCS300,1,1,400,156
SynGate_SecPlusII222_2022_fobA_series18_press1.sub,SynGate,SecPlusII222,2022,A,18,1,315.00,Security+2.0,Security+2.0,1,1,240,165
SynGate_SecPlusII222_2022_fobA_series18_press2.sub,SynGate,SecPlusII222,2022,A,18,2,315.00,Security+2.0,Security+2.0,1,1,368,165
SynGate_SecPlusII222_2022_fobA_series18_press3.sub,SynGate,SecPlusII222,2022,A,18,3,315.00,Security+2.0,Security+2.0,1,1,112,165
SynGate_SecPlusI223_2023_fobA_series18_press1.sub,SynGate,SecPlusI223,2023,A,18,1,315.00,Security+1.0,(no-decode),0,0,400,100
SynGate_SecPlusI223_2023_fobA_series18_press2.sub,SynGate,SecPlusI223,2023,A,18,2,315.00,Security+1.0,(no-decode),0,0,400,100
SynGate_SecPlusI223_2023_fobA_series18_press3.sub,SynGate,SecPlusI223,2023,A,18,3,315.00,Security+1.0,(no-decode),0,0,400,100
SynPortal_HanRoll224_2024_fobA_series18_press1.sub,SynPortal,HanRoll224,2024,A,18,1,433.92,DoorHan-Rolling,DoorHan-Rolling,1,1,816,84
SynPortal_HanRoll224_2024_fobA_series18_press2.sub,SynPortal,HanRoll224,2024,A,18,2,433.92,DoorHan-Rolling,DoorHan-Rolling,1,1,816,84
SynPortal_HanRoll224_2024_fobA_series18_press3.sub,SynPortal,HanRoll224,2024,A,18,3,433.92,DoorHan-Rolling,DoorHan-Rolling,1,1,816,84
SynBarrier_Cam12225_2016_fobA_series18_press1.sub,SynBarrier,Cam12225,2016,A,18,1,433.92,CAME-12,CAME-12,1,1,336,34
SynBarrier_Cam12225_2016_fobA_series18_press2.sub,SynBarrier,Cam12225,2016,A,18,2,433.92,CAME-12,CAME-12,1,1,336,34
SynBarrier_Cam12225_2016_fobA_series18_press3.sub,SynBarrier,Cam12225,2016,A,18,3,433.92,CAME-12,CAME-12,1,1,336,34
SynBarrier_FloFix226_2017_fobA_series18_press1.sub,SynBarrier,FloFix226,2017,A,18,1,433.92,Nice-FLO,Nice-FLO,1,1,592,39
SynBarrier_FloFix226_2017_fobA_series18_press2.sub,SynBarrier,FloFix226,2017,A,18,2,433.92,Nice-FLO,Nice-FLO,1,1,592,39
SynBarrier_FloFix226_2017_fobA_series18_press3.sub,SynBarrier,FloFix226,2017,A,18,3,433.92,Nice-FLO,Nice-FLO,1,1,592,39
SynClone_HT6227_2018_fobA_series18_press1.sub,SynClone,HT6227,2018,A,18,1,433.92,Holtek-HT6P20,Holtek-HT6P20,1,1,176,82
SynClone_HT6227_2018_fobA_series18_press2.sub,SynClone,HT6227,2018,A,18,2,433.92,Holtek-HT6P20,Holtek-HT6P20,1,1,176,82
SynClone_HT6227_2018_fobA_series18_press3.sub,SynClone,HT6227,2018,A,18,3,433.92,Holtek-HT6P20,Holtek-HT6P20,1,1,176,82
SynPortal_SlhFix228_2019_fobA_series18_press1.sub,SynPortal,SlhFix228,2019,A,18,1,433.92,FAAC-SLH,FAAC-SLH,1,1,304,168
SynPortal_SlhFix228_2019_fobA_series18_press2.sub,SynPortal,SlhFix228,2019,A,18,2,433.92,FAAC-SLH,FAAC-SLH,1,1,304,168
SynPortal_SlhFix228_2019_fobA_series18_press3.sub,SynPortal,SlhFix228,2019,A,18,3,433.92,FAAC-SLH,FAAC-SLH,1,1,304,168
SynClone_Anso12229_2020_fobA_series18_press1.sub,SynClone,Anso12229,2020,A,18,1,433.92,Ansonic-12,Ansonic-12,1,1,592,74
SynClone_Anso12229_2020_fobA_series18_press2.sub,SynClone,Anso12229,2020,A,18,2,433.92,Ansonic-12,Ansonic-12,1,1,592,74
SynClone_Anso12229_2020_fobA_series18_press3.sub,SynClone,Anso12229,2020,A,18,3,433.92,Ansonic-12,Ansonic-12,1,1,592,74
SynBarrier_Multi10230_2021_fobA_series18_press1.sub,SynBarrier,Multi10230,2021,A,18,1,300.00,Linear-10,Linear-10,1,1,1008,24
SynBarrier_Multi10230_2021_fobA_series18_press2.sub,SynBarrier,Multi10230,2021,A,18,2,300.00,Linear-10,Linear-10,1,1,1008,24
SynBarrier_Multi10230_2021_fobA_series18_press3.sub,SynBarrier,Multi10230,2021,A,18,3,300.00,Linear-10,Linear-10,1,1,1008,24
SynClone_GatePT231_2022_fobA_series18_press1.sub,SynClone,GatePT231,2022,A,18,1,433.92,PT2262,PT2262,1,1,1008,48
SynClone_GatePT231_2022_fobA_series18_press2.sub,SynClone,GatePT231,2022,A,18,2,433.92,PT2262,PT2262,1,1,1008,48
SynClone_GatePT231_2022_fobA_series18_press3.sub,SynClone,GatePT231,2022,A,18,3,433.92,PT2262,PT2262,1,1,1008,48
SynClone_GateEV232_2023_fobA_series18_press1.sub,SynClone,GateEV232,2023,A,18,1,315.00,EV1527,EV1527,1,1,656,40
SynClone_GateEV232_2023_fobA_series18_press2.sub,SynClone,GateEV232,2023,A,18,2,315.00,EV1527,EV1527,1,1,656,40
SynClone_GateEV232_2023_fobA_series18_press3.sub,SynClone,GateEV232,2023,A,18,3,315.00,EV1527,EV1527,1,1,656,40
SynWheel_Sensor20233_2024_fobA_series18_press1.sub,SynWheel,Sensor20233,2024,A,18,1,433.92,TPMS,TPMS,1,1,496,64
SynWheel_Sensor20233_2024_fobA_series18_press2.sub,SynWheel,Sensor20233,2024,A,18,2,433.92,TPMS,TPMS,1,1,496,64
SynWheel_Sensor20233_2024_fobA_series18_press3.sub,SynWheel,Sensor20233,2024,A,18,3,433.92,TPMS,TPMS,1,1,496,64
SynMotors_RollGuard234_2016_fobA_series19_press1.sub,SynMotors,RollGuard234,2016,A,19,1,433.92,KeeLoq-HCS300,KeeLoq-HCS300,1,1,400,156
SynMotors_RollGuard234_2016_fobA_series19_press2.sub,SynMotors,RollGuard234,2016,A,19,2,433.92,KeeLoq-HCS300,KeeLoq-HCS300,1,1,400,156
SynMotors_RollGuard234_2016_fobA_series19_press3.sub,SynMotors,RollGuard234,2016,A,19,3,433.92,KeeLoq-HCS300,KeeLoq-HCS300,1,1,400,156
SynGate_SecPlusII235_2017_fobA_series19_press1.sub,SynGate,SecPlusII235,2017,A,19,1,315.00,Security+2.0,Security+2.0,1,1,240,165
SynGate_SecPlusII235_2017_fobA_series19_press2.sub,SynGate,SecPlusII235,2017,A,19,2,315.00,Security+2.0,Security+2.0,1,1,368,165
SynGate_SecPlusII235_2017_fobA_series19_press3.sub,SynGate,SecPlusII235,2017,A,19,3,315.00,Security+2.0,Security+2.0,1,1,112,165
SynGate_SecPlusI236_2018_fobA_series19_press1.sub,SynGate,SecPlusI236,2018,A,19,1,315.00,Security+1.0,(no-decode),0,0,400,100
SynGate_SecPlusI236_2018_fobA_series19_press2.sub,SynGate,SecPlusI236,2018,A,19,2,315.00,Security+1.0,(no-decode),0,0,400,100
SynGate_SecPlusI236_2018_fobA_series19_press3.sub,SynGate,SecPlusI236,2018,A,19,3,315.00,Security+1.0,(no-decode),0,0,400,100
SynPortal_HanRoll237_2019_fobA_series19_press1.sub,SynPortal,HanRoll237,2019,A,19,1,433.92,DoorHan-Rolling,DoorHan-Rolling,1,1,816,84
SynPortal_HanRoll237_2019_fobA_series19_press2.sub,SynPortal,HanRoll237,2019,A,19,2,433.92,DoorHan-Rolling,DoorHan-Rolling,1,1,816,84
SynPortal_HanRoll237_2019_fobA_series19_press3.sub,SynPortal,HanRoll237,2019,A,19,3,433.92,DoorHan-Rolling,DoorHan-Rolling,1,1,816,84
SynBarrier_Cam12238_2020_fobA_series19_press1.sub,SynBarrier,Cam12238,2020,A,19,1,433.92,CAME-12,CAME-12,1,1,336,34
SynBarrier_Cam12238_2020_fobA_series19_press2.sub,SynBarrier,Cam12238,2020,A,19,2,433.92,CAME-12,CAME-12,1,1,336,34
SynBarrier_Cam12238_2020_fobA_series19_press3.sub,SynBarrier,Cam12238,2020,A,19,3,433.92,CAME-12,CAME-12,1,1,336,34
SynBarrier_FloFix239_2021_fobA_series19_press1.sub,SynBarrier,FloFix239,2021,A,19,1,433.92,Nice-FLO,Nice-FLO,1,1,592,39
SynBarrier_FloFix239_2021_fobA_series19_press2.sub,SynBarrier,FloFix239,2021,A,19,2,433.92,Nice-FLO,Nice-FLO,1,1,592,39
SynBarrier_FloFix239_2021_fobA_series19_press3.sub,SynBarrier,FloFix239,2021,A,19,3,433.92,Nice-FLO,Nice-FLO,1,1,592,39
SynClone_HT6240_2022_fobA_series19_press1.sub,SynClone,HT6240,2022,A,19,1,433.92,Holtek-HT6P20,Holtek-HT6P20,1,1,176,82
SynClone_HT6240_2022_fobA_series19_press2.sub,SynClone,HT6240,2022,A,19,2,433.92,Holtek-HT6P20,Holtek-HT6P20,1,1,176,82
SynClone_HT6240_2022_fobA_series19_press3.sub,SynClone,HT6240,2022,A,19,3,433.92,Holtek-HT6P20,Holtek-HT6P20,1,1,176,82
SynPortal_SlhFix241_2023_fobA_series19_press1.sub,SynPortal,SlhFix241,2023,A,19,1,433.92,FAAC-SLH,FAAC-SLH,1,1,304,168
SynPortal_SlhFix241_2023_fobA_series19_press2.sub,SynPortal,SlhFix241,2023,A,19,2,433.92,FAAC-SLH,FAAC-SLH,1,1,304,168
SynPortal_SlhFix241_2023_fobA_series19_press3.sub,SynPortal,SlhFix241,2023,A,19,3,433.92,FAAC-SLH,FAAC-SLH,1,1,304,168
SynClone_Anso12242_2024_fobA_series19_press1.sub,SynClone,Anso12242,2024,A,19,1,433.92,Ansonic-12,Ansonic-12,1,1,592,74
SynClone_Anso12242_2024_fobA_series19_press2.sub,SynClone,Anso12242,2024,A,19,2,433.92,Ansonic-12,Ansonic-12,1,1,592,74
SynClone_Anso12242_2024_fobA_series19_press3.sub,SynClone,Anso12242,2024,A,19,3,433.92,Ansonic-12,Ansonic-12,1,1,592,74
SynBarrier_Multi10243_2016_fobA_series19_press1.sub,SynBarrier,Multi10243,2016,A,19,1,300.00,Linear-10,Linear-10,1,1,1008,24
SynBarrier_Multi10243_2016_fobA_series19_press2.sub,SynBarrier,Multi10243,2016,A,19,2,300.00,Linear-10,Linear-10,1,1,1008,24
SynBarrier_Multi10243_2016_fobA_series19_press3.sub,SynBarrier,Multi10243,2016,A,19,3,300.00,Linear-10,Linear-10,1,1,1008,24
SynClone_GatePT244_2017_fobA_series19_press1.sub,SynClone,GatePT244,2017,A,19,1,433.92,PT2262,PT2262,1,1,1008,48
SynClone_GatePT244_2017_fobA_series19_press2.sub,SynClone,GatePT244,2017,A,19,2,433.92,PT2262,PT2262,1,1,1008,48
SynClone_GatePT244_2017_fobA_series19_press3.sub,SynClone,GatePT244,2017,A,19,3,433.92,PT2262,PT2262,1,1,1008,48
SynClone_GateEV245_2018_fobA_series19_press1.sub,SynClone,GateEV245,2018,A,19,1,315.00,EV1527,EV1527,1,1,656,40
SynClone_GateEV245_2018_fobA_series19_press2.sub,SynClone,GateEV245,2018,A,19,2,315.00,EV1527,EV1527,1,1,656,40
SynClone_GateEV245_2018_fobA_series19_press3.sub,SynClone,GateEV245,2018,A,19,3,315.00,EV1527,EV1527,1,1,656,40
SynWheel_Sensor20246_2019_fobA_series19_press1.sub,SynWheel,Sensor20246,2019,A,19,1,433.92,TPMS,TPMS,1,1,496,64
SynWheel_Sensor20246_2019_fobA_series19_press2.sub,SynWheel,Sensor20246,2019,A,19,2,433.92,TPMS,TPMS,1,1,496,64
SynWheel_Sensor20246_2019_fobA_series19_press3.sub,SynWheel,Sensor20246,2019,A,19,3,433.92,TPMS,TPMS,1,1,496,64
SynMotors_RollGuard247_2020_fobA_series20_press1.sub,SynMotors,RollGuard247,2020,A,20,1,433.92,KeeLoq-HCS300,KeeLoq-HCS300,1,1,400,156
SynMotors_RollGuard247_2020_fobA_series20_press2.sub,SynMotors,RollGuard247,2020,A,20,2,433.92,KeeLoq-HCS300,KeeLoq-HCS300,1,1,400,156
SynMotors_RollGuard247_2020_fobA_series20_press3.sub,SynMotors,RollGuard247,2020,A,20,3,433.92,KeeLoq-HCS300,KeeLoq-HCS300,1,1,400,156
SynGate_SecPlusII248_2021_fobA_series20_press1.sub,SynGate,SecPlusII248,2021,A,20,1,315.00,Security+2.0,Security+2.0,1,1,240,165
SynGate_SecPlusII248_2021_fobA_series20_press2.sub,SynGate,SecPlusII248,2021,A,20,2,315.00,Security+2.0,Security+2.0,1,1,240,165
SynGate_SecPlusII248_2021_fobA_series20_press3.sub,SynGate,SecPlusII248,2021,A,20,3,315.00,Security+2.0,Security+2.0,1,1,240,165
SynGate_SecPlusI249_2022_fobA_series20_press1.sub,SynGate,SecPlusI249,2022,A,20,1,315.00,Security+1.0,(no-decode),0,0,400,100
SynGate_SecPlusI249_2022_fobA_series20_press2.sub,SynGate,SecPlusI249,2022,A,20,2,315.00,Security+1.0,(no-decode),0,0,400,100
SynGate_SecPlusI249_2022_fobA_series20_press3.sub,SynGate,SecPlusI249,2022,A,20,3,315.00,Security+1.0,(no-decode),0,0,400,100
SynPortal_HanRoll250_2023_fobA_series20_press1.sub,SynPortal,HanRoll250,2023,A,20,1,433.92,DoorHan-Rolling,DoorHan-Rolling,1,1,816,84
SynPortal_HanRoll250_2023_fobA_series20_press2.sub,SynPortal,HanRoll250,2023,A,20,2,433.92,DoorHan-Rolling,DoorHan-Rolling,1,1,816,84
SynPortal_HanRoll250_2023_fobA_series20_press3.sub,SynPortal,HanRoll250,2023,A,20,3,433.92,DoorHan-Rolling,DoorHan-Rolling,1,1,816,84
SynBarrier_Cam12251_2024_fobA_series20_press1.sub,SynBarrier,Cam12251,2024,A,20,1,433.92,CAME-12,CAME-12,1,1,336,34
SynBarrier_Cam12251_2024_fobA_series20_press2.sub,SynBarrier,Cam12251,2024,A,20,2,433.92,CAME-12,CAME-12,1,1,336,34
SynBarrier_Cam12251_2024_fobA_series20_press3.sub,SynBarrier,Cam12251,2024,A,20,3,433.92,CAME-12,CAME-12,1,1,336,34
SynBarrier_FloFix252_2016_fobA_series20_press1.sub,SynBarrier,FloFix252,2016,A,20,1,433.92,Nice-FLO,Nice-FLO,1,1,592,39
SynBarrier_FloFix252_2016_fobA_series20_press2.sub,SynBarrier,FloFix252,2016,A,20,2,433.92,Nice-FLO,Nice-FLO,1,1,592,39
SynBarrier_FloFix252_2016_fobA_series20_press3.sub,SynBarrier,FloFix252,2016,A,20,3,433.92,Nice-FLO,Nice-FLO,1,1,592,39
SynClone_HT6253_2017_fobA_series20_press1.sub,SynClone,HT6253,2017,A,20,1,433.92,Holtek-HT6P20,Holtek-HT6P20,1,1,176,82
SynClone_HT6253_2017_fobA_series20_press2.sub,SynClone,HT6253,2017,A,20,2,433.92,Holtek-HT6P20,Holtek-HT6P20,1,1,176,82
SynClone_HT6253_2017_fobA_series20_press3.sub,SynClone,HT6253,2017,A,20,3,433.92,Holtek-HT6P20,Holtek-HT6P20,1,1,176,82
SynPortal_SlhFix254_2018_fobA_series20_press1.sub,SynPortal,SlhFix254,2018,A,20,1,433.92,FAAC-SLH,FAAC-SLH,1,1,304,168
SynPortal_SlhFix254_2018_fobA_series20_press2.sub,SynPortal,SlhFix254,2018,A,20,2,433.92,FAAC-SLH,FAAC-SLH,1,1,304,168
SynPortal_SlhFix254_2018_fobA_series20_press3.sub,SynPortal,SlhFix254,2018,A,20,3,433.92,FAAC-SLH,FAAC-SLH,1,1,304,168
SynClone_Anso12255_2019_fobA_series20_press1.sub,SynClone,Anso12255,2019,A,20,1,433.92,Ansonic-12,Ansonic-12,1,1,592,74
SynClone_Anso12255_2019_fobA_series20_press2.sub,SynClone,Anso12255,2019,A,20,2,433.92,Ansonic-12,Ansonic-12,1,1,592,74
SynClone_Anso12255_2019_fobA_series20_press3.sub,SynClone,Anso12255,2019,A,20,3,433.92,Ansonic-12,Ansonic-12,1,1,592,74
SynBarrier_Multi10256_2020_fobA_series20_press1.sub,SynBarrier,Multi10256,2020,A,20,1,300.00,Linear-10,Linear-10,1,1,1008,24
SynBarrier_Multi10256_2020_fobA_series20_press2.sub,SynBarrier,Multi10256,2020,A,20,2,300.00,Linear-10,Linear-10,1,1,1008,24
SynBarrier_Multi10256_2020_fobA_series20_press3.sub,SynBarrier,Multi10256,2020,A,20,3,300.00,Linear-10,Linear-10,1,1,1008,24
SynClone_GatePT257_2021_fobA_series20_press1.sub,SynClone,GatePT257,2021,A,20,1,433.92,PT2262,PT2262,1,1,1008,48
SynClone_GatePT257_2021_fobA_series20_press2.sub,SynClone,GatePT257,2021,A,20,2,433.92,PT2262,PT2262,1,1,1008,48
SynClone_GatePT257_2021_fobA_series20_press3.sub,SynClone,GatePT257,2021,A,20,3,433.92,PT2262,PT2262,1,1,1008,48
SynClone_GateEV258_2022_fobA_series20_press1.sub,SynClone,GateEV258,2022,A,20,1,315.00,EV1527,EV1527,1,1,656,40
SynClone_GateEV258_2022_fobA_series20_press2.sub,SynClone,GateEV258,2022,A,20,2,315.00,EV1527,EV1527,1,1,656,40
SynClone_GateEV258_2022_fobA_series20_press3.sub,SynClone,GateEV258,2022,A,20,3,315.00,EV1527,EV1527,1,1,656,40
SynWheel_Sensor20259_2023_fobA_series20_press1.sub,SynWheel,Sensor20259,2023,A,20,1,433.92,TPMS,TPMS,1,1,496,64
SynWheel_Sensor20259_2023_fobA_series20_press2.sub,SynWheel,Sensor20259,2023,A,20,2,433.92,TPMS,TPMS,1,1,496,64
SynWheel_Sensor20259_2023_fobA_series20_press3.sub,SynWheel,Sensor20259,2023,A,20,3,433.92,TPMS,TPMS,1,1,496,64
SynMotors_RollGuard260_2024_fobA_series21_press1.sub,SynMotors,RollGuard260,2024,A,21,1,433.92,KeeLoq-HCS300,KeeLoq-HCS300,1,1,400,156
SynMotors_RollGuard260_2024_fobA_series21_press2.sub,SynMotors,RollGuard260,2024,A,21,2,433.92,KeeLoq-HCS300,KeeLoq-HCS300,1,1,400,156
SynMotors_RollGuard260_2024_fobA_series21_press3.sub,SynMotors,RollGuard260,2024,A,21,3,433.92,KeeLoq-HCS300,KeeLoq-HCS300,1,1,400,156
SynGate_SecPlusII261_2016_fobA_series21_press1.sub,SynGate,SecPlusII261,2016,A,21,1,315.00,Security+2.0,Security+2.0,1,1,240,165
SynGate_SecPlusII261_2016_fobA_series21_press2.sub,SynGate,SecPlusII261,2016,A,21,2,315.00,Security+2.0,Security+2.0,1,1,240,165
SynGate_SecPlusII261_2016_fobA_series21_press3.sub,SynGate,SecPlusII261,2016,A,21,3,315.00,Security+2.0,Security+2.0,1,1,240,165
SynGate_SecPlusI262_2017_fobA_series21_press1.sub,SynGate,SecPlusI262,2017,A,21,1,315.00,Security+1.0,(no-decode),0,0,400,100
SynGate_SecPlusI262_2017_fobA_series21_press2.sub,SynGate,SecPlusI262,2017,A,21,2,315.00,Security+1.0,(no-decode),0,0,400,100
SynGate_SecPlusI262_2017_fobA_series21_press3.sub,SynGate,SecPlusI262,2017,A,21,3,315.00,Security+1.0,(no-decode),0,0,400,100
SynPortal_HanRoll263_2018_fobA_series21_press1.sub,SynPortal,HanRoll263,2018,A,21,1,433.92,DoorHan-Rolling,DoorHan-Rolling,1,1,816,84
SynPortal_HanRoll263_2018_fobA_series21_press2.sub,SynPortal,HanRoll263,2018,A,21,2,433.92,DoorHan-Rolling,DoorHan-Rolling,1,1,816,84
SynPortal_HanRoll263_2018_fobA_series21_press3.sub,SynPortal,HanRoll263,2018,A,21,3,433.92,DoorHan-Rolling,DoorHan-Rolling,1,1,816,84
SynBarrier_Cam12264_2019_fobA_series21_press1.sub,SynBarrier,Cam12264,2019,A,21,1,433.92,CAME-12,CAME-12,1,1,336,34
SynBarrier_Cam12264_2019_fobA_series21_press2.sub,SynBarrier,Cam12264,2019,A,21,2,433.92,CAME-12,CAME-12,1,1,336,34
SynBarrier_Cam12264_2019_fobA_series21_press3.sub,SynBarrier,Cam12264,2019,A,21,3,433.92,CAME-12,CAME-12,1,1,336,34
SynBarrier_FloFix265_2020_fobA_series21_press1.sub,SynBarrier,FloFix265,2020,A,21,1,433.92,Nice-FLO,Nice-FLO,1,1,592,39
SynBarrier_FloFix265_2020_fobA_series21_press2.sub,SynBarrier,FloFix265,2020,A,21,2,433.92,Nice-FLO,Nice-FLO,1,1,592,39
SynBarrier_FloFix265_2020_fobA_series21_press3.sub,SynBarrier,FloFix265,2020,A,21,3,433.92,Nice-FLO,Nice-FLO,1,1,592,39
SynClone_HT6266_2021_fobA_series21_press1.sub,SynClone,HT6266,2021,A,21,1,433.92,Holtek-HT6P20,Holtek-HT6P20,1,1,176,82
SynClone_HT6266_2021_fobA_series21_press2.sub,SynClone,HT6266,2021,A,21,2,433.92,Holtek-HT6P20,Holtek-HT6P20,1,1,176,82
SynClone_HT6266_2021_fobA_series21_press3.sub,SynClone,HT6266,2021,A,21,3,433.92,Holtek-HT6P20,Holtek-HT6P20,1,1,176,82
SynPortal_SlhFix267_2022_fobA_series21_press1.sub,SynPortal,SlhFix267,2022,A,21,1,433.92,FAAC-SLH,FAAC-SLH,1,1,304,168
SynPortal_SlhFix267_2022_fobA_series21_press2.sub,SynPortal,SlhFix267,2022,A,21,2,433.92,FAAC-SLH,FAAC-SLH,1,1,304,168
SynPortal_SlhFix267_2022_fobA_series21_press3.sub,SynPortal,SlhFix267,2022,A,21,3,433.92,FAAC-SLH,FAAC-SLH,1,1,304,168
SynClone_Anso12268_2023_fobA_series21_press1.sub,SynClone,Anso12268,2023,A,21,1,433.92,Ansonic-12,Ansonic-12,1,1,592,74
SynClone_Anso12268_2023_fobA_series21_press2.sub,SynClone,Anso12268,2023,A,21,2,433.92,Ansonic-12,Ansonic-12,1,1,592,74
SynClone_Anso12268_2023_fobA_series21_press3.sub,SynClone,Anso12268,2023,A,21,3,433.92,Ansonic-12,Ansonic-12,1,1,592,74
SynBarrier_Multi10269_2024_fobA_series21_press1.sub,SynBarrier,Multi10269,2024,A,21,1,300.00,Linear-10,Linear-10,1,1,1008,24
SynBarrier_Multi10269_2024_fobA_series21_press2.sub,SynBarrier,Multi10269,2024,A,21,2,300.00,Linear-10,Linear-10,1,1,1008,24
SynBarrier_Multi10269_2024_fobA_series21_press3.sub,SynBarrier,Multi10269,2024,A,21,3,300.00,Linear-10,Linear-10,1,1,1008,24
SynClone_GatePT270_2016_fobA_series21_press1.sub,SynClone,GatePT270,2016,A,21,1,433.92,PT2262,PT2262,1,1,1008,48
SynClone_GatePT270_2016_fobA_series21_press2.sub,SynClone,GatePT270,2016,A,21,2,433.92,PT2262,PT2262,1,1,1008,48
SynClone_GatePT270_2016_fobA_series21_press3.sub,SynClone,GatePT270,2016,A,21,3,433.92,PT2262,PT2262,1,1,1008,48
SynClone_GateEV271_2017_fobA_series21_press1.sub,SynClone,GateEV271,2017,A,21,1,315.00,EV1527,EV1527,1,1,656,40
SynClone_GateEV271_2017_fobA_series21_press2.sub,SynClone,GateEV271,2017,A,21,2,315.00,EV1527,EV1527,1,1,656,40
SynClone_GateEV271_2017_fobA_series21_press3.sub,SynClone,GateEV271,2017,A,21,3,315.00,EV1527,EV1527,1,1,656,40
SynWheel_Sensor20272_2018_fobA_series21_press1.sub,SynWheel,Sensor20272,2018,A,21,1,433.92,TPMS,TPMS,1,1,496,64
SynWheel_Sensor20272_2018_fobA_series21_press2.sub,SynWheel,Sensor20272,2018,A,21,2,433.92,TPMS,TPMS,1,1,496,64
SynWheel_Sensor20272_2018_fobA_series21_press3.sub,SynWheel,Sensor20272,2018,A,21,3,433.92,TPMS,TPMS,1,1,496,64
SynMotors_RollGuard273_2019_fobA_series22_press1.sub,SynMotors,RollGuard273,2019,A,22,1,433.92,KeeLoq-HCS300,KeeLoq-HCS300,1,1,400,156
SynMotors_RollGuard273_2019_fobA_series22_press2.sub,SynMotors,RollGuard273,2019,A,22,2,433.92,KeeLoq-HCS300,KeeLoq-HCS300,1,1,400,156
SynMotors_RollGuard273_2019_fobA_series22_press3.sub,SynMotors,RollGuard273,2019,A,22,3,433.92,KeeLoq-HCS300,KeeLoq-HCS300,1,1,400,156
SynGate_SecPlusII274_2020_fobA_series22_press1.sub,SynGate,SecPlusII274,2020,A,22,1,315.00,Security+2.0,Security+2.0,1,1,240,165
SynGate_SecPlusII274_2020_fobA_series22_press2.sub,SynGate,SecPlusII274,2020,A,22,2,315.00,Security+2.0,Security+2.0,1,1,240,165
SynGate_SecPlusII274_2020_fobA_series22_press3.sub,SynGate,SecPlusII274,2020,A,22,3,315.00,Security+2.0,Security+2.0,1,1,240,165
SynGate_SecPlusI275_2021_fobA_series22_press1.sub,SynGate,SecPlusI275,2021,A,22,1,315.00,Security+1.0,(no-decode),0,0,400,100
SynGate_SecPlusI275_2021_fobA_series22_press2.sub,SynGate,SecPlusI275,2021,A,22,2,315.00,Security+1.0,(no-decode),0,0,400,100
SynGate_SecPlusI275_2021_fobA_series22_press3.sub,SynGate,SecPlusI275,2021,A,22,3,315.00,Security+1.0,(no-decode),0,0,400,100
SynPortal_HanRoll276_2022_fobA_series22_press1.sub,SynPortal,HanRoll276,2022,A,22,1,433.92,DoorHan-Rolling,DoorHan-Rolling,1,1,816,84
SynPortal_HanRoll276_2022_fobA_series22_press2.sub,SynPortal,HanRoll276,2022,A,22,2,433.92,DoorHan-Rolling,DoorHan-Rolling,1,1,816,84
SynPortal_HanRoll276_2022_fobA_series22_press3.sub,SynPortal,HanRoll276,2022,A,22,3,433.92,DoorHan-Rolling,DoorHan-Rolling,1,1,816,84
SynBarrier_Cam12277_2023_fobA_series22_press1.sub,SynBarrier,Cam12277,2023,A,22,1,433.92,CAME-12,CAME-12,1,1,336,34
SynBarrier_Cam12277_2023_fobA_series22_press2.sub,SynBarrier,Cam12277,2023,A,22,2,433.92,CAME-12,CAME-12,1,1,336,34
SynBarrier_Cam12277_2023_fobA_series22_press3.sub,SynBarrier,Cam12277,2023,A,22,3,433.92,CAME-12,CAME-12,1,1,336,34
SynBarrier_FloFix278_2024_fobA_series22_press1.sub,SynBarrier,FloFix278,2024,A,22,1,433.92,Nice-FLO,Nice-FLO,1,1,592,39
SynBarrier_FloFix278_2024_fobA_series22_press2.sub,SynBarrier,FloFix278,2024,A,22,2,433.92,Nice-FLO,Nice-FLO,1,1,592,39
SynBarrier_FloFix278_2024_fobA_series22_press3.sub,SynBarrier,FloFix278,2024,A,22,3,433.92,Nice-FLO,Nice-FLO,1,1,592,39
SynClone_HT6279_2016_fobA_series22_press1.sub,SynClone,HT6279,2016,A,22,1,433.92,Holtek-HT6P20,Holtek-HT6P20,1,1,176,82
SynClone_HT6279_2016_fobA_series22_press2.sub,SynClone,HT6279,2016,A,22,2,433.92,Holtek-HT6P20,Holtek-HT6P20,1,1,176,82
SynClone_HT6279_2016_fobA_series22_press3.sub,SynClone,HT6279,2016,A,22,3,433.92,Holtek-HT6P20,Holtek-HT6P20,1,1,176,82
SynPortal_SlhFix280_2017_fobA_series22_press1.sub,SynPortal,SlhFix280,2017,A,22,1,433.92,FAAC-SLH,FAAC-SLH,1,1,304,168
SynPortal_SlhFix280_2017_fobA_series22_press2.sub,SynPortal,SlhFix280,2017,A,22,2,433.92,FAAC-SLH,FAAC-SLH,1,1,304,168
SynPortal_SlhFix280_2017_fobA_series22_press3.sub,SynPortal,SlhFix280,2017,A,22,3,433.92,FAAC-SLH,FAAC-SLH,1,1,304,168
SynClone_Anso12281_2018_fobA_series22_press1.sub,SynClone,Anso12281,2018,A,22,1,433.92,Ansonic-12,Ansonic-12,1,1,592,74
SynClone_Anso12281_2018_fobA_series22_press2.sub,SynClone,Anso12281,2018,A,22,2,433.92,Ansonic-12,Ansonic-12,1,1,592,74
SynClone_Anso12281_2018_fobA_series22_press3.sub,SynClone,Anso12281,2018,A,22,3,433.92,Ansonic-12,Ansonic-12,1,1,592,74
SynBarrier_Multi10282_2019_fobA_series22_press1.sub,SynBarrier,Multi10282,2019,A,22,1,300.00,Linear-10,Linear-10,1,1,1008,24
SynBarrier_Multi10282_2019_fobA_series22_press2.sub,SynBarrier,Multi10282,2019,A,22,2,300.00,Linear-10,Linear-10,1,1,1008,24
SynBarrier_Multi10282_2019_fobA_series22_press3.sub,SynBarrier,Multi10282,2019,A,22,3,300.00,Linear-10,Linear-10,1,1,1008,24
SynClone_GatePT283_2020_fobA_series22_press1.sub,SynClone,GatePT283,2020,A,22,1,433.92,PT2262,PT2262,1,1,1008,48
SynClone_GatePT283_2020_fobA_series22_press2.sub,SynClone,GatePT283,2020,A,22,2,433.92,PT2262,PT2262,1,1,1008,48
SynClone_GatePT283_2020_fobA_series22_press3.sub,SynClone,GatePT283,2020,A,22,3,433.92,PT2262,PT2262,1,1,1008,48
SynClone_GateEV284_2021_fobA_series22_press1.sub,SynClone,GateEV284,2021,A,22,1,315.00,EV1527,EV1527,1,1,656,40
SynClone_GateEV284_2021_fobA_series22_press2.sub,SynClone,GateEV284,2021,A,22,2,315.00,EV1527,EV1527,1,1,656,40
SynClone_GateEV284_2021_fobA_series22_press3.sub,SynClone,GateEV284,2021,A,22,3,315.00,EV1527,EV1527,1,1,656,40
SynWheel_Sensor20285_2022_fobA_series22_press1.sub,SynWheel,Sensor20285,2022,A,22,1,433.92,TPMS,TPMS,1,1,496,64
SynWheel_Sensor20285_2022_fobA_series22_press2.sub,SynWheel,Sensor20285,2022,A,22,2,433.92,TPMS,TPMS,1,1,496,64
SynWheel_Sensor20285_2022_fobA_series22_press3.sub,SynWheel,Sensor20285,2022,A,22,3,433.92,TPMS,TPMS,1,1,496,64
SynMotors_RollGuard286_2023_fobA_series23_press1.sub,SynMotors,RollGuard286,2023,A,23,1,433.92,KeeLoq-HCS300,KeeLoq-HCS300,1,1,400,156
SynMotors_RollGuard286_2023_fobA_series23_press2.sub,SynMotors,RollGuard286,2023,A,23,2,433.92,KeeLoq-HCS300,KeeLoq-HCS300,1,1,400,156
SynMotors_RollGuard286_2023_fobA_series23_press3.sub,SynMotors,RollGuard286,2023,A,23,3,433.92,KeeLoq-HCS300,KeeLoq-HCS300,1,1,400,156
SynGate_SecPlusII287_2024_fobA_series23_press1.sub,SynGate,SecPlusII287,2024,A,23,1,315.00,Security+2.0,Security+2.0,1,1,240,165
SynGate_SecPlusII287_2024_fobA_series23_press2.sub,SynGate,SecPlusII287,2024,A,23,2,315.00,Security+2.0,Security+2.0,1,1,240,165
SynGate_SecPlusII287_2024_fobA_series23_press3.sub,SynGate,SecPlusII287,2024,A,23,3,315.00,Security+2.0,Security+2.0,1,1,240,165
SynGate_SecPlusI288_2016_fobA_series23_press1.sub,SynGate,SecPlusI288,2016,A,23,1,315.00,Security+1.0,(no-decode),0,0,400,100
SynGate_SecPlusI288_2016_fobA_series23_press2.sub,SynGate,SecPlusI288,2016,A,23,2,315.00,Security+1.0,(no-decode),0,0,400,100
SynGate_SecPlusI288_2016_fobA_series23_press3.sub,SynGate,SecPlusI288,2016,A,23,3,315.00,Security+1.0,(no-decode),0,0,400,100
SynPortal_HanRoll289_2017_fobA_series23_press1.sub,SynPortal,HanRoll289,2017,A,23,1,433.92,DoorHan-Rolling,DoorHan-Rolling,1,1,816,84
SynPortal_HanRoll289_2017_fobA_series23_press2.sub,SynPortal,HanRoll289,2017,A,23,2,433.92,DoorHan-Rolling,DoorHan-Rolling,1,1,816,84
SynPortal_HanRoll289_2017_fobA_series23_press3.sub,SynPortal,HanRoll289,2017,A,23,3,433.92,DoorHan-Rolling,DoorHan-Rolling,1,1,816,84
SynBarrier_Cam12290_2018_fobA_series23_press1.sub,SynBarrier,Cam12290,2018,A,23,1,433.92,CAME-12,CAME-12,1,1,336,34
SynBarrier_Cam12290_2018_fobA_series23_press2.sub,SynBarrier,Cam12290,2018,A,23,2,433.92,CAME-12,CAME-12,1,1,336,34
SynBarrier_Cam12290_2018_fobA_series23_press3.sub,SynBarrier,Cam12290,2018,A,23,3,433.92,CAME-12,CAME-12,1,1,336,34
SynBarrier_FloFix291_2019_fobA_series23_press1.sub,SynBarrier,FloFix291,2019,A,23,1,433.92,Nice-FLO,Nice-FLO,1,1,592,39
SynBarrier_FloFix291_2019_fobA_series23_press2.sub,SynBarrier,FloFix291,2019,A,23,2,433.92,Nice-FLO,Nice-FLO,1,1,592,39
SynBarrier_FloFix291_2019_fobA_series23_press3.sub,SynBarrier,FloFix291,2019,A,23,3,433.92,Nice-FLO,Nice-FLO,1,1,592,39
SynClone_HT6292_2020_fobA_series23_press1.sub,SynClone,HT6292,2020,A,23,1,433.92,Holtek-HT6P20,Holtek-HT6P20,1,1,176,82
SynClone_HT6292_2020_fobA_series23_press2.sub,SynClone,HT6292,2020,A,23,2,433.92,Holtek-HT6P20,Holtek-HT6P20,1,1,176,82
SynClone_HT6292_2020_fobA_series23_press3.sub,SynClone,HT6292,2020,A,23,3,433.92,Holtek-HT6P20,Holtek-HT6P20,1,1,176,82
SynPortal_SlhFix293_2021_fobA_series23_press1.sub,SynPortal,SlhFix293,2021,A,23,1,433.92,FAAC-SLH,FAAC-SLH,1,1,304,168
SynPortal_SlhFix293_2021_fobA_series23_press2.sub,SynPortal,SlhFix293,2021,A,23,2,433.92,FAAC-SLH,FAAC-SLH,1,1,304,168
SynPortal_SlhFix293_2021_fobA_series23_press3.sub,SynPortal,SlhFix293,2021,A,23,3,433.92,FAAC-SLH,FAAC-SLH,1,1,304,168
SynClone_Anso12294_2022_fobA_series23_press1.sub,SynClone,Anso12294,2022,A,23,1,433.92,Ansonic-12,Ansonic-12,1,1,592,74
SynClone_Anso12294_2022_fobA_series23_press2.sub,SynClone,Anso12294,2022,A,23,2,433.92,Ansonic-12,Ansonic-12,1,1,592,74
SynClone_Anso12294_2022_fobA_series23_press3.sub,SynClone,Anso12294,2022,A,23,3,433.92,Ansonic-12,Ansonic-12,1,1,592,74
SynBarrier_Multi10295_2023_fobA_series23_press1.sub,SynBarrier,Multi10295,2023,A,23,1,300.00,Linear-10,Linear-10,1,1,1008,24
SynBarrier_Multi10295_2023_fobA_series23_press2.sub,SynBarrier,Multi10295,2023,A,23,2,300.00,Linear-10,Linear-10,1,1,1008,24
SynBarrier_Multi10295_2023_fobA_series23_press3.sub,SynBarrier,Multi10295,2023,A,23,3,300.00,Linear-10,Linear-10,1,1,1008,24
SynClone_GatePT296_2024_fobA_series23_press1.sub,SynClone,GatePT296,2024,A,23,1,433.92,PT2262,PT2262,1,1,1008,48
SynClone_GatePT296_2024_fobA_series23_press2.sub,SynClone,GatePT296,2024,A,23,2,433.92,PT2262,PT2262,1,1,1008,48
SynClone_GatePT296_2024_fobA_series23_press3.sub,SynClone,GatePT296,2024,A,23,3,433.92,PT2262,PT2262,1,1,1008,48
SynClone_GateEV297_2016_fobA_series23_press1.sub,SynClone,GateEV297,2016,A,23,1,315.00,EV1527,EV1527,1,1,656,40
SynClone_GateEV297_2016_fobA_series23_press2.sub,SynClone,GateEV297,2016,A,23,2,315.00,EV1527,EV1527,1,1,656,40
SynClone_GateEV297_2016_fobA_series23_press3.sub,SynClone,GateEV297,2016,A,23,3,315.00,EV1527,EV1527,1,1,656,40
SynWheel_Sensor20298_2017_fobA_series23_press1.sub,SynWheel,Sensor20298,2017,A,23,1,433.92,TPMS,TPMS,1,1,496,64
SynWheel_Sensor20298_2017_fobA_series23_press2.sub,SynWheel,Sensor20298,2017,A,23,2,433.92,TPMS,TPMS,1,1,496,64
SynWheel_Sensor20298_2017_fobA_series23_press3.sub,SynWheel,Sensor20298,2017,A,23,3,433.92,TPMS,TPMS,1,1,496,64
SynMotors_RollGuard299_2018_fobA_series24_press1.sub,SynMotors,RollGuard299,2018,A,24,1,433.92,KeeLoq-HCS300,KeeLoq-HCS300,1,1,400,156
SynMotors_RollGuard299_2018_fobA_series24_press2.sub,SynMotors,RollGuard299,2018,A,24,2,433.92,KeeLoq-HCS300,KeeLoq-HCS300,1,1,400,156
SynMotors_RollGuard299_2018_fobA_series24_press3.sub,SynMotors,RollGuard299,2018,A,24,3,433.92,KeeLoq-HCS300,KeeLoq-HCS300,1,1,400,156
SynGate_SecPlusII300_2019_fobA_series24_press1.sub,SynGate,SecPlusII300,2019,A,24,1,315.00,Security+2.0,Security+2.0,1,1,240,165
SynGate_SecPlusII300_2019_fobA_series24_press2.sub,SynGate,SecPlusII300,2019,A,24,2,315.00,Security+2.0,Security+2.0,1,1,240,165
SynGate_SecPlusII300_2019_fobA_series24_press3.sub,SynGate,SecPlusII300,2019,A,24,3,315.00,Security+2.0,Security+2.0,1,1,240,165
SynGate_SecPlusI301_2020_fobA_series24_press1.sub,SynGate,SecPlusI301,2020,A,24,1,315.00,Security+1.0,(no-decode),0,0,400,100
SynGate_SecPlusI301_2020_fobA_series24_press2.sub,SynGate,SecPlusI301,2020,A,24,2,315.00,Security+1.0,(no-decode),0,0,400,100
SynGate_SecPlusI301_2020_fobA_series24_press3.sub,SynGate,SecPlusI301,2020,A,24,3,315.00,Security+1.0,Security+1.0,1,1,400,100
SynPortal_HanRoll302_2021_fobA_series24_press1.sub,SynPortal,HanRoll302,2021,A,24,1,433.92,DoorHan-Rolling,DoorHan-Rolling,1,1,816,84
SynPortal_HanRoll302_2021_fobA_series24_press2.sub,SynPortal,HanRoll302,2021,A,24,2,433.92,DoorHan-Rolling,DoorHan-Rolling,1,1,816,84
SynPortal_HanRoll302_2021_fobA_series24_press3.sub,SynPortal,HanRoll302,2021,A,24,3,433.92,DoorHan-Rolling,DoorHan-Rolling,1,1,816,84
SynBarrier_Cam12303_2022_fobA_series24_press1.sub,SynBarrier,Cam12303,2022,A,24,1,433.92,CAME-12,CAME-12,1,1,336,34
SynBarrier_Cam12303_2022_fobA_series24_press2.sub,SynBarrier,Cam12303,2022,A,24,2,433.92,CAME-12,CAME-12,1,1,336,34
SynBarrier_Cam12303_2022_fobA_series24_press3.sub,SynBarrier,Cam12303,2022,A,24,3,433.92,CAME-12,CAME-12,1,1,336,34
SynBarrier_FloFix304_2023_fobA_series24_press1.sub,SynBarrier,FloFix304,2023,A,24,1,433.92,Nice-FLO,Nice-FLO,1,1,592,39
SynBarrier_FloFix304_2023_fobA_series24_press2.sub,SynBarrier,FloFix304,2023,A,24,2,433.92,Nice-FLO,Nice-FLO,1,1,592,39
SynBarrier_FloFix304_2023_fobA_series24_press3.sub,SynBarrier,FloFix304,2023,A,24,3,433.92,Nice-FLO,Nice-FLO,1,1,592,39
SynClone_HT6305_2024_fobA_series24_press1.sub,SynClone,HT6305,2024,A,24,1,433.92,Holtek-HT6P20,Holtek-HT6P20,1,1,176,82
SynClone_HT6305_2024_fobA_series24_press2.sub,SynClone,HT6305,2024,A,24,2,433.92,Holtek-HT6P20,Holtek-HT6P20,1,1,176,82
SynClone_HT6305_2024_fobA_series24_press3.sub,SynClone,HT6305,2024,A,24,3,433.92,Holtek-HT6P20,Holtek-HT6P20,1,1,176,82
SynPortal_SlhFix306_2016_fobA_series24_press1.sub,SynPortal,SlhFix306,2016,A,24,1,433.92,FAAC-SLH,FAAC-SLH,1,1,304,168
SynPortal_SlhFix306_2016_fobA_series24_press2.sub,SynPortal,SlhFix306,2016,A,24,2,433.92,FAAC-SLH,FAAC-SLH,1,1,304,168
SynPortal_SlhFix306_2016_fobA_series24_press3.sub,SynPortal,SlhFix306,2016,A,24,3,433.92,FAAC-SLH,FAAC-SLH,1,1,304,168
SynClone_Anso12307_2017_fobA_series24_press1.sub,SynClone,Anso12307,2017,A,24,1,433.92,Ansonic-12,Ansonic-12,1,1,592,74
SynClone_Anso12307_2017_fobA_series24_press2.sub,SynClone,Anso12307,2017,A,24,2,433.92,Ansonic-12,Ansonic-12,1,1,592,74
SynClone_Anso12307_2017_fobA_series24_press3.sub,SynClone,Anso12307,2017,A,24,3,433.92,Ansonic-12,Ansonic-12,1,1,592,74
SynBarrier_Multi10308_2018_fobA_series24_press1.sub,SynBarrier,Multi10308,2018,A,24,1,300.00,Linear-10,Linear-10,1,1,1008,24
SynBarrier_Multi10308_2018_fobA_series24_press2.sub,SynBarrier,Multi10308,2018,A,24,2,300.00,Linear-10,Linear-10,1,1,1008,24
SynBarrier_Multi10308_2018_fobA_series24_press3.sub,SynBarrier,Multi10308,2018,A,24,3,300.00,Linear-10,Linear-10,1,1,1008,24
SynClone_GatePT309_2019_fobA_series24_press1.sub,SynClone,GatePT309,2019,A,24,1,433.92,PT2262,PT2262,1,1,1008,48
SynClone_GatePT309_2019_fobA_series24_press2.sub,SynClone,GatePT309,2019,A,24,2,433.92,PT2262,PT2262,1,1,1008,48
SynClone_GatePT309_2019_fobA_series24_press3.sub,SynClone,GatePT309,2019,A,24,3,433.92,PT2262,PT2262,1,1,1008,48
SynClone_GateEV310_2020_fobA_series24_press1.sub,SynClone,GateEV310,2020,A,24,1,315.00,EV1527,EV1527,1,1,656,40
SynClone_GateEV310_2020_fobA_series24_press2.sub,SynClone,GateEV310,2020,A,24,2,315.00,EV1527,EV1527,1,1,656,40
SynClone_GateEV310_2020_fobA_series24_press3.sub,SynClone,GateEV310,2020,A,24,3,315.00,EV1527,EV1527,1,1,656,40
SynWheel_Sensor20311_2021_fobA_series24_press1.sub,SynWheel,Sensor20311,2021,A,24,1,433.92,TPMS,TPMS,1,1,496,64
SynWheel_Sensor20311_2021_fobA_series24_press2.sub,SynWheel,Sensor20311,2021,A,24,2,433.92,TPMS,TPMS,1,1,496,64
SynWheel_Sensor20311_2021_fobA_series24_press3.sub,SynWheel,Sensor20311,2021,A,24,3,433.92,TPMS,TPMS,1,1,496,64
SynMotors_RollGuard312_2022_fobA_series25_press1.sub,SynMotors,RollGuard312,2022,A,25,1,433.92,KeeLoq-HCS300,KeeLoq-HCS300,1,1,400,156
SynMotors_RollGuard312_2022_fobA_series25_press2.sub,SynMotors,RollGuard312,2022,A,25,2,433.92,KeeLoq-HCS300,KeeLoq-HCS300,1,1,400,156
SynMotors_RollGuard312_2022_fobA_series25_press3.sub,SynMotors,RollGuard312,2022,A,25,3,433.92,KeeLoq-HCS300,KeeLoq-HCS300,1,1,400,156
SynGate_SecPlusII313_2023_fobA_series25_press1.sub,SynGate,SecPlusII313,2023,A,25,1,315.00,Security+2.0,Security+2.0,1,1,240,165
SynGate_SecPlusII313_2023_fobA_series25_press2.sub,SynGate,SecPlusII313,2023,A,25,2,315.00,Security+2.0,Security+2.0,1,1,240,165
SynGate_SecPlusII313_2023_fobA_series25_press3.sub,SynGate,SecPlusII313,2023,A,25,3,315.00,Security+2.0,Security+2.0,1,1,240,165
SynGate_SecPlusI314_2024_fobA_series25_press1.sub,SynGate,SecPlusI314,2024,A,25,1,315.00,Security+1.0,(no-decode),0,0,400,100
SynGate_SecPlusI314_2024_fobA_series25_press2.sub,SynGate,SecPlusI314,2024,A,25,2,315.00,Security+1.0,(no-decode),0,0,400,100
SynGate_SecPlusI314_2024_fobA_series25_press3.sub,SynGate,SecPlusI314,2024,A,25,3,315.00,Security+1.0,(no-decode),0,0,400,100
SynPortal_HanRoll315_2016_fobA_series25_press1.sub,SynPortal,HanRoll315,2016,A,25,1,433.92,DoorHan-Rolling,DoorHan-Rolling,1,1,816,84
SynPortal_HanRoll315_2016_fobA_series25_press2.sub,SynPortal,HanRoll315,2016,A,25,2,433.92,DoorHan-Rolling,DoorHan-Rolling,1,1,816,84
SynPortal_HanRoll315_2016_fobA_series25_press3.sub,SynPortal,HanRoll315,2016,A,25,3,433.92,DoorHan-Rolling,DoorHan-Rolling,1,1,816,84
SynBarrier_Cam12316_2017_fobA_series25_press1.sub,SynBarrier,Cam12316,2017,A,25,1,433.92,CAME-12,CAME-12,1,1,336,34
SynBarrier_Cam12316_2017_fobA_series25_press2.sub,SynBarrier,Cam12316,2017,A,25,2,433.92,CAME-12,CAME-12,1,1,336,34
SynBarrier_Cam12316_2017_fobA_series25_press3.sub,SynBarrier,Cam12316,2017,A,25,3,433.92,CAME-12,CAME-12,1,1,336,34
SynBarrier_FloFix317_2018_fobA_series25_press1.sub,SynBarrier,FloFix317,2018,A,25,1,433.92,Nice-FLO,Nice-FLO,1,1,592,39
SynBarrier_FloFix317_2018_fobA_series25_press2.sub,SynBarrier,FloFix317,2018,A,25,2,433.92,Nice-FLO,Nice-FLO,1,1,592,39
SynBarrier_FloFix317_2018_fobA_series25_press3.sub,SynBarrier,FloFix317,2018,A,25,3,433.92,Nice-FLO,Nice-FLO,1,1,592,39
SynClone_HT6318_2019_fobA_series25_press1.sub,SynClone,HT6318,2019,A,25,1,433.92,Holtek-HT6P20,Holtek-HT6P20,1,1,176,82
SynClone_HT6318_2019_fobA_series25_press2.sub,SynClone,HT6318,2019,A,25,2,433.92,Holtek-HT6P20,Holtek-HT6P20,1,1,176,82
SynClone_HT6318_2019_fobA_series25_press3.sub,SynClone,HT6318,2019,A,25,3,433.92,Holtek-HT6P20,Holtek-HT6P20,1,1,176,82
SynPortal_SlhFix319_2020_fobA_series25_press1.sub,SynPortal,SlhFix319,2020,A,25,1,433.92,FAAC-SLH,FAAC-SLH,1,1,304,168
SynPortal_SlhFix319_2020_fobA_series25_press2.sub,SynPortal,SlhFix319,2020,A,25,2,433.92,FAAC-SLH,FAAC-SLH,1,1,304,168
SynPortal_SlhFix319_2020_fobA_series25_press3.sub,SynPortal,SlhFix319,2020,A,25,3,433.92,FAAC-SLH,FAAC-SLH,1,1,304,168
SynClone_Anso12320_2021_fobA_series25_press1.sub,SynClone,Anso12320,2021,A,25,1,433.92,Ansonic-12,Ansonic-12,1,1,592,74
SynClone_Anso12320_2021_fobA_series25_press2.sub,SynClone,Anso12320,2021,A,25,2,433.92,Ansonic-12,Ansonic-12,1,1,592,74
SynClone_Anso12320_2021_fobA_series25_press3.sub,SynClone,Anso12320,2021,A,25,3,433.92,Ansonic-12,Ansonic-12,1,1,592,74
SynBarrier_Multi10321_2022_fobA_series25_press1.sub,SynBarrier,Multi10321,2022,A,25,1,300.00,Linear-10,Linear-10,1,1,1008,24
SynBarrier_Multi10321_2022_fobA_series25_press2.sub,SynBarrier,Multi10321,2022,A,25,2,300.00,Linear-10,Linear-10,1,1,1008,24
SynBarrier_Multi10321_2022_fobA_series25_press3.sub,SynBarrier,Multi10321,2022,A,25,3,300.00,Linear-10,Linear-10,1,1,1008,24
SynClone_GatePT322_2023_fobA_series25_press1.sub,SynClone,GatePT322,2023,A,25,1,433.92,PT2262,PT2262,1,1,1008,48
SynClone_GatePT322_2023_fobA_series25_press2.sub,SynClone,GatePT322,2023,A,25,2,433.92,PT2262,PT2262,1,1,1008,48
SynClone_GatePT322_2023_fobA_series25_press3.sub,SynClone,GatePT322,2023,A,25,3,433.92,PT2262,PT2262,1,1,1008,48
SynClone_GateEV323_2024_fobA_series25_press1.sub,SynClone,GateEV323,2024,A,25,1,315.00,EV1527,EV1527,1,1,656,40
SynClone_GateEV323_2024_fobA_series25_press2.sub,SynClone,GateEV323,2024,A,25,2,315.00,EV1527,EV1527,1,1,656,40
SynClone_GateEV323_2024_fobA_series25_press3.sub,SynClone,GateEV323,2024,A,25,3,315.00,EV1527,EV1527,1,1,656,40
SynWheel_Sensor20324_2016_fobA_series25_press1.sub,SynWheel,Sensor20324,2016,A,25,1,433.92,TPMS,TPMS,1,1,496,64
SynWheel_Sensor20324_2016_fobA_series25_press2.sub,SynWheel,Sensor20324,2016,A,25,2,433.92,TPMS,TPMS,1,1,496,64
SynWheel_Sensor20324_2016_fobA_series25_press3.sub,SynWheel,Sensor20324,2016,A,25,3,433.92,TPMS,TPMS,1,1,496,64
SynMotors_RollGuard325_2017_fobA_series26_press1.sub,SynMotors,RollGuard325,2017,A,26,1,433.92,KeeLoq-HCS300,KeeLoq-HCS300,1,1,400,156
SynMotors_RollGuard325_2017_fobA_series26_press2.sub,SynMotors,RollGuard325,2017,A,26,2,433.92,KeeLoq-HCS300,KeeLoq-HCS300,1,1,400,156
SynMotors_RollGuard325_2017_fobA_series26_press3.sub,SynMotors,RollGuard325,2017,A,26,3,433.92,KeeLoq-HCS300,KeeLoq-HCS300,1,1,400,156
SynGate_SecPlusII326_2018_fobA_series26_press1.sub,SynGate,SecPlusII326,2018,A,26,1,315.00,Security+2.0,Security+2.0,1,1,240,165
SynGate_SecPlusII326_2018_fobA_series26_press2.sub,SynGate,SecPlusII326,2018,A,26,2,315.00,Security+2.0,Security+2.0,1,1,240,165
SynGate_SecPlusII326_2018_fobA_series26_press3.sub,SynGate,SecPlusII326,2018,A,26,3,315.00,Security+2.0,Security+2.0,1,1,240,165
SynGate_SecPlusI327_2019_fobA_series26_press1.sub,SynGate,SecPlusI327,2019,A,26,1,315.00,Security+1.0,(no-decode),0,0,400,100
SynGate_SecPlusI327_2019_fobA_series26_press2.sub,SynGate,SecPlusI327,2019,A,26,2,315.00,Security+1.0,(no-decode),0,0,400,100
SynGate_SecPlusI327_2019_fobA_series26_press3.sub,SynGate,SecPlusI327,2019,A,26,3,315.00,Security+1.0,(no-decode),0,0,400,100
SynPortal_HanRoll328_2020_fobA_series26_press1.sub,SynPortal,HanRoll328,2020,A,26,1,433.92,DoorHan-Rolling,DoorHan-Rolling,1,1,816,84
SynPortal_HanRoll328_2020_fobA_series26_press2.sub,SynPortal,HanRoll328,2020,A,26,2,433.92,DoorHan-Rolling,DoorHan-Rolling,1,1,816,84
SynPortal_HanRoll328_2020_fobA_series26_press3.sub,SynPortal,HanRoll328,2020,A,26,3,433.92,DoorHan-Rolling,DoorHan-Rolling,1,1,816,84
SynBarrier_Cam12329_2021_fobA_series26_press1.sub,SynBarrier,Cam12329,2021,A,26,1,433.92,CAME-12,CAME-12,1,1,336,34
SynBarrier_Cam12329_2021_fobA_series26_press2.sub,SynBarrier,Cam12329,2021,A,26,2,433.92,CAME-12,CAME-12,1,1,336,34
SynBarrier_Cam12329_2021_fobA_series26_press3.sub,SynBarrier,Cam12329,2021,A,26,3,433.92,CAME-12,CAME-12,1,1,336,34
SynBarrier_FloFix330_2022_fobA_series26_press1.sub,SynBarrier,FloFix330,2022,A,26,1,433.92,Nice-FLO,Nice-FLO,1,1,592,39
SynBarrier_FloFix330_2022_fobA_series26_press2.sub,SynBarrier,FloFix330,2022,A,26,2,433.92,Nice-FLO,Nice-FLO,1,1,592,39
SynBarrier_FloFix330_2022_fobA_series26_press3.sub,SynBarrier,FloFix330,2022,A,26,3,433.92,Nice-FLO,Nice-FLO,1,1,592,39
SynClone_HT6331_2023_fobA_series26_press1.sub,SynClone,HT6331,2023,A,26,1,433.92,Holtek-HT6P20,Holtek-HT6P20,1,1,176,82
SynClone_HT6331_2023_fobA_series26_press2.sub,SynClone,HT6331,2023,A,26,2,433.92,Holtek-HT6P20,Holtek-HT6P20,1,1,176,82
SynClone_HT6331_2023_fobA_series26_press3.sub,SynClone,HT6331,2023,A,26,3,433.92,Holtek-HT6P20,Holtek-HT6P20,1,1,176,82
SynPortal_SlhFix332_2024_fobA_series26_press1.sub,SynPortal,SlhFix332,2024,A,26,1,433.92,FAAC-SLH,FAAC-SLH,1,1,304,168
SynPortal_SlhFix332_2024_fobA_series26_press2.sub,SynPortal,SlhFix332,2024,A,26,2,433.92,FAAC-SLH,FAAC-SLH,1,1,304,168
SynPortal_SlhFix332_2024_fobA_series26_press3.sub,SynPortal,SlhFix332,2024,A,26,3,433.92,FAAC-SLH,FAAC-SLH,1,1,304,168
SynClone_Anso12333_2016_fobA_series26_press1.sub,SynClone,Anso12333,2016,A,26,1,433.92,Ansonic-12,Ansonic-12,1,1,592,74
SynClone_Anso12333_2016_fobA_series26_press2.sub,SynClone,Anso12333,2016,A,26,2,433.92,Ansonic-12,Ansonic-12,1,1,592,74
SynClone_Anso12333_2016_fobA_series26_press3.sub,SynClone,Anso12333,2016,A,26,3,433.92,Ansonic-12,Ansonic-12,1,1,592,74
SynBarrier_Multi10334_2017_fobA_series26_press1.sub,SynBarrier,Multi10334,2017,A,26,1,300.00,Linear-10,Linear-10,1,1,1008,24
SynBarrier_Multi10334_2017_fobA_series26_press2.sub,SynBarrier,Multi10334,2017,A,26,2,300.00,Linear-10,Linear-10,1,1,1008,24
SynBarrier_Multi10334_2017_fobA_series26_press3.sub,SynBarrier,Multi10334,2017,A,26,3,300.00,Linear-10,Linear-10,1,1,1008,24
SynClone_GatePT335_2018_fobA_series26_press1.sub,SynClone,GatePT335,2018,A,26,1,433.92,PT2262,PT2262,1,1,1008,48
SynClone_GatePT335_2018_fobA_series26_press2.sub,SynClone,GatePT335,2018,A,26,2,433.92,PT2262,PT2262,1,1,1008,48
SynClone_GatePT335_2018_fobA_series26_press3.sub,SynClone,GatePT335,2018,A,26,3,433.92,PT2262,PT2262,1,1,1008,48
SynClone_GateEV336_2019_fobA_series26_press1.sub,SynClone,GateEV336,2019,A,26,1,315.00,EV1527,EV1527,1,1,656,40
SynClone_GateEV336_2019_fobA_series26_press2.sub,SynClone,GateEV336,2019,A,26,2,315.00,EV1527,EV1527,1,1,656,40
SynClone_GateEV336_2019_fobA_series26_press3.sub,SynClone,GateEV336,2019,A,26,3,315.00,EV1527,EV1527,1,1,656,40
SynWheel_Sensor20337_2020_fobA_series26_press1.sub,SynWheel,Sensor20337,2020,A,26,1,433.92,TPMS,TPMS,1,1,496,64
SynWheel_Sensor20337_2020_fobA_series26_press2.sub,SynWheel,Sensor20337,2020,A,26,2,433.92,TPMS,TPMS,1,1,496,64
SynWheel_Sensor20337_2020_fobA_series26_press3.sub,SynWheel,Sensor20337,2020,A,26,3,433.92,TPMS,TPMS,1,1,496,64
SynMotors_RollGuard338_2021_fobA_series27_press1.sub,SynMotors,RollGuard338,2021,A,27,1,433.92,KeeLoq-HCS300,KeeLoq-HCS300,1,1,400,156
SynMotors_RollGuard338_2021_fobA_series27_press2.sub,SynMotors,RollGuard338,2021,A,27,2,433.92,KeeLoq-HCS300,KeeLoq-HCS300,1,1,400,156
SynMotors_RollGuard338_2021_fobA_series27_press3.sub,SynMotors,RollGuard338,2021,A,27,3,433.92,KeeLoq-HCS300,KeeLoq-HCS300,1,1,400,156
SynGate_SecPlusII339_2022_fobA_series27_press1.sub,SynGate,SecPlusII339,2022,A,27,1,315.00,Security+2.0,Security+2.0,1,1,240,165
SynGate_SecPlusII339_2022_fobA_series27_press2.sub,SynGate,SecPlusII339,2022,A,27,2,315.00,Security+2.0,Security+2.0,1,1,240,165
SynGate_SecPlusII339_2022_fobA_series27_press3.sub,SynGate,SecPlusII339,2022,A,27,3,315.00,Security+2.0,Security+2.0,1,1,240,165
SynGate_SecPlusI340_2023_fobA_series27_press1.sub,SynGate,SecPlusI340,2023,A,27,1,315.00,Security+1.0,(no-decode),0,0,400,100
SynGate_SecPlusI340_2023_fobA_series27_press2.sub,SynGate,SecPlusI340,2023,A,27,2,315.00,Security+1.0,(no-decode),0,0,400,100
SynGate_SecPlusI340_2023_fobA_series27_press3.sub,SynGate,SecPlusI340,2023,A,27,3,315.00,Security+1.0,(no-decode),0,0,400,100
SynPortal_HanRoll341_2024_fobA_series27_press1.sub,SynPortal,HanRoll341,2024,A,27,1,433.92,DoorHan-Rolling,DoorHan-Rolling,1,1,816,84
SynPortal_HanRoll341_2024_fobA_series27_press2.sub,SynPortal,HanRoll341,2024,A,27,2,433.92,DoorHan-Rolling,DoorHan-Rolling,1,1,816,84
SynPortal_HanRoll341_2024_fobA_series27_press3.sub,SynPortal,HanRoll341,2024,A,27,3,433.92,DoorHan-Rolling,DoorHan-Rolling,1,1,816,84
SynBarrier_Cam12342_2016_fobA_series27_press1.sub,SynBarrier,Cam12342,2016,A,27,1,433.92,CAME-12,CAME-12,1,1,336,34
SynBarrier_Cam12342_2016_fobA_series27_press2.sub,SynBarrier,Cam12342,2016,A,27,2,433.92,CAME-12,CAME-12,1,1,336,34
SynBarrier_Cam12342_2016_fobA_series27_press3.sub,SynBarrier,Cam12342,2016,A,27,3,433.92,CAME-12,CAME-12,1,1,336,34
SynBarrier_FloFix343_2017_fobA_series27_press1.sub,SynBarrier,FloFix343,2017,A,27,1,433.92,Nice-FLO,Nice-FLO,1,1,592,39
SynBarrier_FloFix343_2017_fobA_series27_press2.sub,SynBarrier,FloFix343,2017,A,27,2,433.92,Nice-FLO,Nice-FLO,1,1,592,39
SynBarrier_FloFix343_2017_fobA_series27_press3.sub,SynBarrier,FloFix343,2017,A,27,3,433.92,Nice-FLO,Nice-FLO,1,1,592,39
SynClone_HT6344_2018_fobA_series27_press1.sub,SynClone,HT6344,2018,A,27,1,433.92,Holtek-HT6P20,Holtek-HT6P20,1,1,176,82
SynClone_HT6344_2018_fobA_series27_press2.sub,SynClone,HT6344,2018,A,27,2,433.92,Holtek-HT6P20,Holtek-HT6P20,1,1,176,82
SynClone_HT6344_2018_fobA_series27_press3.sub,SynClone,HT6344,2018,A,27,3,433.92,Holtek-HT6P20,Holtek-HT6P20,1,1,176,82
SynPortal_SlhFix345_2019_fobA_series27_press1.sub,SynPortal,SlhFix345,2019,A,27,1,433.92,FAAC-SLH,FAAC-SLH,1,1,304,168
SynPortal_SlhFix345_2019_fobA_series27_press2.sub,SynPortal,SlhFix345,2019,A,27,2,433.92,FAAC-SLH,FAAC-SLH,1,1,304,168
SynPortal_SlhFix345_2019_fobA_series27_press3.sub,SynPortal,SlhFix345,2019,A,27,3,433.92,FAAC-SLH,FAAC-SLH,1,1,304,168
SynClone_Anso12346_2020_fobA_series27_press1.sub,SynClone,Anso12346,2020,A,27,1,433.92,Ansonic-12,Ansonic-12,1,1,592,74
SynClone_Anso12346_2020_fobA_series27_press2.sub,SynClone,Anso12346,2020,A,27,2,433.92,Ansonic-12,Ansonic-12,1,1,592,74
SynClone_Anso12346_2020_fobA_series27_press3.sub,SynClone,Anso12346,2020,A,27,3,433.92,Ansonic-12,Ansonic-12,1,1,592,74
SynBarrier_Multi10347_2021_fobA_series27_press1.sub,SynBarrier,Multi10347,2021,A,27,1,300.00,Linear-10,Linear-10,1,1,1008,24
SynBarrier_Multi10347_2021_fobA_series27_press2.sub,SynBarrier,Multi10347,2021,A,27,2,300.00,Linear-10,Linear-10,1,1,1008,24
SynBarrier_Multi10347_2021_fobA_series27_press3.sub,SynBarrier,Multi10347,2021,A,27,3,300.00,Linear-10,Linear-10,1,1,1008,24
SynClone_GatePT348_2022_fobA_series27_press1.sub,SynClone,GatePT348,2022,A,27,1,433.92,PT2262,PT2262,1,1,1008,48
SynClone_GatePT348_2022_fobA_series27_press2.sub,SynClone,GatePT348,2022,A,27,2,433.92,PT2262,PT2262,1,1,1008,48
SynClone_GatePT348_2022_fobA_series27_press3.sub,SynClone,GatePT348,2022,A,27,3,433.92,PT2262,PT2262,1,1,1008,48
SynClone_GateEV349_2023_fobA_series27_press1.sub,SynClone,GateEV349,2023,A,27,1,315.00,EV1527,EV1527,1,1,656,40
SynClone_GateEV349_2023_fobA_series27_press2.sub,SynClone,GateEV349,2023,A,27,2,315.00,EV1527,EV1527,1,1,656,40
SynClone_GateEV349_2023_fobA_series27_press3.sub,SynClone,GateEV349,2023,A,27,3,315.00,EV1527,EV1527,1,1,656,40
SynWheel_Sensor20350_2024_fobA_series27_press1.sub,SynWheel,Sensor20350,2024,A,27,1,433.92,TPMS,TPMS,1,1,496,64
SynWheel_Sensor20350_2024_fobA_series27_press2.sub,SynWheel,Sensor20350,2024,A,27,2,433.92,TPMS,TPMS,1,1,496,64
SynWheel_Sensor20350_2024_fobA_series27_press3.sub,SynWheel,Sensor20350,2024,A,27,3,433.92,TPMS,TPMS,1,1,496,64
SynMotors_RollGuard351_2016_fobA_series28_press1.sub,SynMotors,RollGuard351,2016,A,28,1,433.92,KeeLoq-HCS300,KeeLoq-HCS300,1,1,400,156
SynMotors_RollGuard351_2016_fobA_series28_press2.sub,SynMotors,RollGuard351,2016,A,28,2,433.92,KeeLoq-HCS300,KeeLoq-HCS300,1,1,400,156
SynMotors_RollGuard351_2016_fobA_series28_press3.sub,SynMotors,RollGuard351,2016,A,28,3,433.92,KeeLoq-HCS300,KeeLoq-HCS300,1,1,400,156
SynGate_SecPlusII352_2017_fobA_series28_press1.sub,SynGate,SecPlusII352,2017,A,28,1,315.00,Security+2.0,Security+2.0,1,1,240,165
SynGate_SecPlusII352_2017_fobA_series28_press2.sub,SynGate,SecPlusII352,2017,A,28,2,315.00,Security+2.0,Security+2.0,1,1,240,165
SynGate_SecPlusII352_2017_fobA_series28_press3.sub,SynGate,SecPlusII352,2017,A,28,3,315.00,Security+2.0,Security+2.0,1,1,240,165
SynGate_SecPlusI353_2018_fobA_series28_press1.sub,SynGate,SecPlusI353,2018,A,28,1,315.00,Security+1.0,Security+1.0,1,1,400,100
SynGate_SecPlusI353_2018_fobA_series28_press2.sub,SynGate,SecPlusI353,2018,A,28,2,315.00,Security+1.0,(no-decode),0,0,400,100
SynGate_SecPlusI353_2018_fobA_series28_press3.sub,SynGate,SecPlusI353,2018,A,28,3,315.00,Security+1.0,(no-decode),0,0,400,100
SynPortal_HanRoll354_2019_fobA_series28_press1.sub,SynPortal,HanRoll354,2019,A,28,1,433.92,DoorHan-Rolling,DoorHan-Rolling,1,1,816,84
SynPortal_HanRoll354_2019_fobA_series28_press2.sub,SynPortal,HanRoll354,2019,A,28,2,433.92,DoorHan-Rolling,DoorHan-Rolling,1,1,816,84
SynPortal_HanRoll354_2019_fobA_series28_press3.sub,SynPortal,HanRoll354,2019,A,28,3,433.92,DoorHan-Rolling,DoorHan-Rolling,1,1,816,84
SynBarrier_Cam12355_2020_fobA_series28_press1.sub,SynBarrier,Cam12355,2020,A,28,1,433.92,CAME-12,CAME-12,1,1,336,34
SynBarrier_Cam12355_2020_fobA_series28_press2.sub,SynBarrier,Cam12355,2020,A,28,2,433.92,CAME-12,CAME-12,1,1,336,34
SynBarrier_Cam12355_2020_fobA_series28_press3.sub,SynBarrier,Cam12355,2020,A,28,3,433.92,CAME-12,CAME-12,1,1,336,34
SynBarrier_FloFix356_2021_fobA_series28_press1.sub,SynBarrier,FloFix356,2021,A,28,1,433.92,Nice-FLO,Nice-FLO,1,1,592,39
SynBarrier_FloFix356_2021_fobA_series28_press2.sub,SynBarrier,FloFix356,2021,A,28,2,433.92,Nice-FLO,Nice-FLO,1,1,592,39
SynBarrier_FloFix356_2021_fobA_series28_press3.sub,SynBarrier,FloFix356,2021,A,28,3,433.92,Nice-FLO,Nice-FLO,1,1,592,39
SynClone_HT6357_2022_fobA_series28_press1.sub,SynClone,HT6357,2022,A,28,1,433.92,Holtek-HT6P20,Holtek-HT6P20,1,1,176,82
SynClone_HT6357_2022_fobA_series28_press2.sub,SynClone,HT6357,2022,A,28,2,433.92,Holtek-HT6P20,Holtek-HT6P20,1,1,176,82
SynClone_HT6357_2022_fobA_series28_press3.sub,SynClone,HT6357,2022,A,28,3,433.92,Holtek-HT6P20,Holtek-HT6P20,1,1,176,82
SynPortal_SlhFix358_2023_fobA_series28_press1.sub,SynPortal,SlhFix358,2023,A,28,1,433.92,FAAC-SLH,FAAC-SLH,1,1,304,168
SynPortal_SlhFix358_2023_fobA_series28_press2.sub,SynPortal,SlhFix358,2023,A,28,2,433.92,FAAC-SLH,FAAC-SLH,1,1,304,168
SynPortal_SlhFix358_2023_fobA_series28_press3.sub,SynPortal,SlhFix358,2023,A,28,3,433.92,FAAC-SLH,FAAC-SLH,1,1,304,168
SynClone_Anso12359_2024_fobA_series28_press1.sub,SynClone,Anso12359,2024,A,28,1,433.92,Ansonic-12,Ansonic-12,1,1,592,74
SynClone_Anso12359_2024_fobA_series28_press2.sub,SynClone,Anso12359,2024,A,28,2,433.92,Ansonic-12,Ansonic-12,1,1,592,74
SynClone_Anso12359_2024_fobA_series28_press3.sub,SynClone,Anso12359,2024,A,28,3,433.92,Ansonic-12,Ansonic-12,1,1,592,74
SynBarrier_Multi10360_2016_fobA_series28_press1.sub,SynBarrier,Multi10360,2016,A,28,1,300.00,Linear-10,Linear-10,1,1,1008,24
SynBarrier_Multi10360_2016_fobA_series28_press2.sub,SynBarrier,Multi10360,2016,A,28,2,300.00,Linear-10,Linear-10,1,1,1008,24
SynBarrier_Multi10360_2016_fobA_series28_press3.sub,SynBarrier,Multi10360,2016,A,28,3,300.00,Linear-10,Linear-10,1,1,1008,24
SynClone_GatePT361_2017_fobA_series28_press1.sub,SynClone,GatePT361,2017,A,28,1,433.92,PT2262,PT2262,1,1,1008,48
SynClone_GatePT361_2017_fobA_series28_press2.sub,SynClone,GatePT361,2017,A,28,2,433.92,PT2262,PT2262,1,1,1008,48
SynClone_GatePT361_2017_fobA_series28_press3.sub,SynClone,GatePT361,2017,A,28,3,433.92,PT2262,PT2262,1,1,1008,48
SynClone_GateEV362_2018_fobA_series28_press1.sub,SynClone,GateEV362,2018,A,28,1,315.00,EV1527,EV1527,1,1,656,40
SynClone_GateEV362_2018_fobA_series28_press2.sub,SynClone,GateEV362,2018,A,28,2,315.00,EV1527,EV1527,1,1,656,40
SynClone_GateEV362_2018_fobA_series28_press3.sub,SynClone,GateEV362,2018,A,28,3,315.00,EV1527,EV1527,1,1,656,40
SynWheel_Sensor20363_2019_fobA_series28_press1.sub,SynWheel,Sensor20363,2019,A,28,1,433.92,TPMS,TPMS,1,1,496,64
SynWheel_Sensor20363_2019_fobA_series28_press2.sub,SynWheel,Sensor20363,2019,A,28,2,433.92,TPMS,TPMS,1,1,496,64
SynWheel_Sensor20363_2019_fobA_series28_press3.sub,SynWheel,Sensor20363,2019,A,28,3,433.92,TPMS,TPMS,1,1,496,64
SynMotors_RollGuard364_2020_fobA_series29_press1.sub,SynMotors,RollGuard364,2020,A,29,1,433.92,KeeLoq-HCS300,KeeLoq-HCS300,1,1,400,156
SynMotors_RollGuard364_2020_fobA_series29_press2.sub,SynMotors,RollGuard364,2020,A,29,2,433.92,KeeLoq-HCS300,KeeLoq-HCS300,1,1,400,156
SynMotors_RollGuard364_2020_fobA_series29_press3.sub,SynMotors,RollGuard364,2020,A,29,3,433.92,KeeLoq-HCS300,KeeLoq-HCS300,1,1,400,156
SynGate_SecPlusII365_2021_fobA_series29_press1.sub,SynGate,SecPlusII365,2021,A,29,1,315.00,Security+2.0,Security+2.0,1,1,240,165
SynGate_SecPlusII365_2021_fobA_series29_press2.sub,SynGate,SecPlusII365,2021,A,29,2,315.00,Security+2.0,Security+2.0,1,1,368,165
SynGate_SecPlusII365_2021_fobA_series29_press3.sub,SynGate,SecPlusII365,2021,A,29,3,315.00,Security+2.0,Security+2.0,1,1,112,165
SynGate_SecPlusI366_2022_fobA_series29_press1.sub,SynGate,SecPlusI366,2022,A,29,1,315.00,Security+1.0,(no-decode),0,0,400,100
SynGate_SecPlusI366_2022_fobA_series29_press2.sub,SynGate,SecPlusI366,2022,A,29,2,315.00,Security+1.0,(no-decode),0,0,400,100
SynGate_SecPlusI366_2022_fobA_series29_press3.sub,SynGate,SecPlusI366,2022,A,29,3,315.00,Security+1.0,(no-decode),0,0,400,100
SynPortal_HanRoll367_2023_fobA_series29_press1.sub,SynPortal,HanRoll367,2023,A,29,1,433.92,DoorHan-Rolling,DoorHan-Rolling,1,1,816,84
SynPortal_HanRoll367_2023_fobA_series29_press2.sub,SynPortal,HanRoll367,2023,A,29,2,433.92,DoorHan-Rolling,DoorHan-Rolling,1,1,816,84
SynPortal_HanRoll367_2023_fobA_series29_press3.sub,SynPortal,HanRoll367,2023,A,29,3,433.92,DoorHan-Rolling,DoorHan-Rolling,1,1,816,84
SynBarrier_Cam12368_2024_fobA_series29_press1.sub,SynBarrier,Cam12368,2024,A,29,1,433.92,CAME-12,CAME-12,1,1,336,34
SynBarrier_Cam12368_2024_fobA_series29_press2.sub,SynBarrier,Cam12368,2024,A,29,2,433.92,CAME-12,CAME-12,1,1,336,34
SynBarrier_Cam12368_2024_fobA_series29_press3.sub,SynBarrier,Cam12368,2024,A,29,3,433.92,CAME-12,CAME-12,1,1,336,34
SynBarrier_FloFix369_2016_fobA_series29_press1.sub,SynBarrier,FloFix369,2016,A,29,1,433.92,Nice-FLO,Nice-FLO,1,1,592,39
SynBarrier_FloFix369_2016_fobA_series29_press2.sub,SynBarrier,FloFix369,2016,A,29,2,433.92,Nice-FLO,Nice-FLO,1,1,592,39
SynBarrier_FloFix369_2016_fobA_series29_press3.sub,SynBarrier,FloFix369,2016,A,29,3,433.92,Nice-FLO,Nice-FLO,1,1,592,39
SynClone_HT6370_2017_fobA_series29_press1.sub,SynClone,HT6370,2017,A,29,1,433.92,Holtek-HT6P20,Holtek-HT6P20,1,1,176,82
SynClone_HT6370_2017_fobA_series29_press2.sub,SynClone,HT6370,2017,A,29,2,433.92,Holtek-HT6P20,Holtek-HT6P20,1,1,176,82
SynClone_HT6370_2017_fobA_series29_press3.sub,SynClone,HT6370,2017,A,29,3,433.92,Holtek-HT6P20,Holtek-HT6P20,1,1,176,82
SynPortal_SlhFix371_2018_fobA_series29_press1.sub,SynPortal,SlhFix371,2018,A,29,1,433.92,FAAC-SLH,FAAC-SLH,1,1,304,168
SynPortal_SlhFix371_2018_fobA_series29_press2.sub,SynPortal,SlhFix371,2018,A,29,2,433.92,FAAC-SLH,FAAC-SLH,1,1,304,168
SynPortal_SlhFix371_2018_fobA_series29_press3.sub,SynPortal,SlhFix371,2018,A,29,3,433.92,FAAC-SLH,FAAC-SLH,1,1,304,168
SynClone_Anso12372_2019_fobA_series29_press1.sub,SynClone,Anso12372,2019,A,29,1,433.92,Ansonic-12,Ansonic-12,1,1,592,74
SynClone_Anso12372_2019_fobA_series29_press2.sub,SynClone,Anso12372,2019,A,29,2,433.92,Ansonic-12,Ansonic-12,1,1,592,74
SynClone_Anso12372_2019_fobA_series29_press3.sub,SynClone,Anso12372,2019,A,29,3,433.92,Ansonic-12,Ansonic-12,1,1,592,74
SynBarrier_Multi10373_2020_fobA_series29_press1.sub,SynBarrier,Multi10373,2020,A,29,1,300.00,Linear-10,Linear-10,1,1,1008,24
SynBarrier_Multi10373_2020_fobA_series29_press2.sub,SynBarrier,Multi10373,2020,A,29,2,300.00,Linear-10,Linear-10,1,1,1008,24
SynBarrier_Multi10373_2020_fobA_series29_press3.sub,SynBarrier,Multi10373,2020,A,29,3,300.00,Linear-10,Linear-10,1,1,1008,24
SynClone_GatePT374_2021_fobA_series29_press1.sub,SynClone,GatePT374,2021,A,29,1,433.92,PT2262,PT2262,1,1,1008,48
SynClone_GatePT374_2021_fobA_series29_press2.sub,SynClone,GatePT374,2021,A,29,2,433.92,PT2262,PT2262,1,1,1008,48
SynClone_GatePT374_2021_fobA_series29_press3.sub,SynClone,GatePT374,2021,A,29,3,433.92,PT2262,PT2262,1,1,1008,48
SynClone_GateEV375_2022_fobA_series29_press1.sub,SynClone,GateEV375,2022,A,29,1,315.00,EV1527,EV1527,1,1,656,40
SynClone_GateEV375_2022_fobA_series29_press2.sub,SynClone,GateEV375,2022,A,29,2,315.00,EV1527,EV1527,1,1,656,40
SynClone_GateEV375_2022_fobA_series29_press3.sub,SynClone,GateEV375,2022,A,29,3,315.00,EV1527,EV1527,1,1,656,40
SynWheel_Sensor20376_2023_fobA_series29_press1.sub,SynWheel,Sensor20376,2023,A,29,1,433.92,TPMS,TPMS,1,1,496,64
SynWheel_Sensor20376_2023_fobA_series29_press2.sub,SynWheel,Sensor20376,2023,A,29,2,433.92,TPMS,TPMS,1,1,496,64
SynWheel_Sensor20376_2023_fobA_series29_press3.sub,SynWheel,Sensor20376,2023,A,29,3,433.92,TPMS,TPMS,1,1,496,64
SynMotors_RollGuard377_2024_fobA_series30_press1.sub,SynMotors,RollGuard377,2024,A,30,1,433.92,KeeLoq-HCS300,KeeLoq-HCS300,1,1,400,156
SynMotors_RollGuard377_2024_fobA_series30_press2.sub,SynMotors,RollGuard377,2024,A,30,2,433.92,KeeLoq-HCS300,KeeLoq-HCS300,1,1,400,156
SynMotors_RollGuard377_2024_fobA_series30_press3.sub,SynMotors,RollGuard377,2024,A,30,3,433.92,KeeLoq-HCS300,KeeLoq-HCS300,1,1,400,156
SynGate_SecPlusII378_2016_fobA_series30_press1.sub,SynGate,SecPlusII378,2016,A,30,1,315.00,Security+2.0,Security+2.0,1,1,240,165
SynGate_SecPlusII378_2016_fobA_series30_press2.sub,SynGate,SecPlusII378,2016,A,30,2,315.00,Security+2.0,Security+2.0,1,1,240,165
SynGate_SecPlusII378_2016_fobA_series30_press3.sub,SynGate,SecPlusII378,2016,A,30,3,315.00,Security+2.0,Security+2.0,1,1,240,165
SynGate_SecPlusI379_2017_fobA_series30_press1.sub,SynGate,SecPlusI379,2017,A,30,1,315.00,Security+1.0,(no-decode),0,0,400,100
SynGate_SecPlusI379_2017_fobA_series30_press2.sub,SynGate,SecPlusI379,2017,A,30,2,315.00,Security+1.0,(no-decode),0,0,400,100
SynGate_SecPlusI379_2017_fobA_series30_press3.sub,SynGate,SecPlusI379,2017,A,30,3,315.00,Security+1.0,(no-decode),0,0,400,100
SynPortal_HanRoll380_2018_fobA_series30_press1.sub,SynPortal,HanRoll380,2018,A,30,1,433.92,DoorHan-Rolling,DoorHan-Rolling,1,1,816,84
SynPortal_HanRoll380_2018_fobA_series30_press2.sub,SynPortal,HanRoll380,2018,A,30,2,433.92,DoorHan-Rolling,DoorHan-Rolling,1,1,816,84
SynPortal_HanRoll380_2018_fobA_series30_press3.sub,SynPortal,HanRoll380,2018,A,30,3,433.92,DoorHan-Rolling,DoorHan-Rolling,1,1,816,84
SynBarrier_Cam12381_2019_fobA_series30_press1.sub,SynBarrier,Cam12381,2019,A,30,1,433.92,CAME-12,CAME-12,1,1,336,34
SynBarrier_Cam12381_2019_fobA_series30_press2.sub,SynBarrier,Cam12381,2019,A,30,2,433.92,CAME-12,CAME-12,1,1,336,34
SynBarrier_Cam12381_2019_fobA_series30_press3.sub,SynBarrier,Cam12381,2019,A,30,3,433.92,CAME-12,CAME-12,1,1,336,34
SynBarrier_FloFix382_2020_fobA_series30_press1.sub,SynBarrier,FloFix382,2020,A,30,1,433.92,Nice-FLO,Nice-FLO,1,1,592,39
SynBarrier_FloFix382_2020_fobA_series30_press2.sub,SynBarrier,FloFix382,2020,A,30,2,433.92,Nice-FLO,Nice-FLO,1,1,592,39
SynBarrier_FloFix382_2020_fobA_series30_press3.sub,SynBarrier,FloFix382,2020,A,30,3,433.92,Nice-FLO,Nice-FLO,1,1,592,39
SynClone_HT6383_2021_fobA_series30_press1.sub,SynClone,HT6383,2021,A,30,1,433.92,Holtek-HT6P20,Holtek-HT6P20,1,1,176,82
SynClone_HT6383_2021_fobA_series30_press2.sub,SynClone,HT6383,2021,A,30,2,433.92,Holtek-HT6P20,Holtek-HT6P20,1,1,176,82
SynClone_HT6383_2021_fobA_series30_press3.sub,SynClone,HT6383,2021,A,30,3,433.92,Holtek-HT6P20,Holtek-HT6P20,1,1,176,82
SynPortal_SlhFix384_2022_fobA_series30_press1.sub,SynPortal,SlhFix384,2022,A,30,1,433.92,FAAC-SLH,FAAC-SLH,1,1,304,168
SynPortal_SlhFix384_2022_fobA_series30_press2.sub,SynPortal,SlhFix384,2022,A,30,2,433.92,FAAC-SLH,FAAC-SLH,1,1,304,168
SynPortal_SlhFix384_2022_fobA_series30_press3.sub,SynPortal,SlhFix384,2022,A,30,3,433.92,FAAC-SLH,FAAC-SLH,1,1,304,168
SynClone_Anso12385_2023_fobA_series30_press1.sub,SynClone,Anso12385,2023,A,30,1,433.92,Ansonic-12,Ansonic-12,1,1,592,74
SynClone_Anso12385_2023_fobA_series30_press2.sub,SynClone,Anso12385,2023,A,30,2,433.92,Ansonic-12,Ansonic-12,1,1,592,74
SynClone_Anso12385_2023_fobA_series30_press3.sub,SynClone,Anso12385,2023,A,30,3,433.92,Ansonic-12,Ansonic-12,1,1,592,74
SynBarrier_Multi10386_2024_fobA_series30_press1.sub,SynBarrier,Multi10386,2024,A,30,1,300.00,Linear-10,Linear-10,1,1,1008,24
SynBarrier_Multi10386_2024_fobA_series30_press2.sub,SynBarrier,Multi10386,2024,A,30,2,300.00,Linear-10,Linear-10,1,1,1008,24
SynBarrier_Multi10386_2024_fobA_series30_press3.sub,SynBarrier,Multi10386,2024,A,30,3,300.00,Linear-10,Linear-10,1,1,1008,24
SynClone_GatePT387_2016_fobA_series30_press1.sub,SynClone,GatePT387,2016,A,30,1,433.92,PT2262,PT2262,1,1,1008,48
SynClone_GatePT387_2016_fobA_series30_press2.sub,SynClone,GatePT387,2016,A,30,2,433.92,PT2262,PT2262,1,1,1008,48
SynClone_GatePT387_2016_fobA_series30_press3.sub,SynClone,GatePT387,2016,A,30,3,433.92,PT2262,PT2262,1,1,1008,48
SynClone_GateEV388_2017_fobA_series30_press1.sub,SynClone,GateEV388,2017,A,30,1,315.00,EV1527,EV1527,1,1,656,40
SynClone_GateEV388_2017_fobA_series30_press2.sub,SynClone,GateEV388,2017,A,30,2,315.00,EV1527,EV1527,1,1,656,40
SynClone_GateEV388_2017_fobA_series30_press3.sub,SynClone,GateEV388,2017,A,30,3,315.00,EV1527,EV1527,1,1,656,40
SynWheel_Sensor20389_2018_fobA_series30_press1.sub,SynWheel,Sensor20389,2018,A,30,1,433.92,TPMS,TPMS,1,1,496,64
SynWheel_Sensor20389_2018_fobA_series30_press2.sub,SynWheel,Sensor20389,2018,A,30,2,433.92,TPMS,TPMS,1,1,496,64
SynWheel_Sensor20389_2018_fobA_series30_press3.sub,SynWheel,Sensor20389,2018,A,30,3,433.92,TPMS,TPMS,1,1,496,64
SynMotors_RollGuard390_2019_fobA_series31_press1.sub,SynMotors,RollGuard390,2019,A,31,1,433.92,KeeLoq-HCS300,KeeLoq-HCS300,1,1,400,156
SynMotors_RollGuard390_2019_fobA_series31_press2.sub,SynMotors,RollGuard390,2019,A,31,2,433.92,KeeLoq-HCS300,KeeLoq-HCS300,1,1,400,156
SynMotors_RollGuard390_2019_fobA_series31_press3.sub,SynMotors,RollGuard390,2019,A,31,3,433.92,KeeLoq-HCS300,KeeLoq-HCS300,1,1,400,156
SynGate_SecPlusII391_2020_fobA_series31_press1.sub,SynGate,SecPlusII391,2020,A,31,1,315.00,Security+2.0,Security+2.0,1,1,240,165
SynGate_SecPlusII391_2020_fobA_series31_press2.sub,SynGate,SecPlusII391,2020,A,31,2,315.00,Security+2.0,Security+2.0,1,1,240,165
SynGate_SecPlusII391_2020_fobA_series31_press3.sub,SynGate,SecPlusII391,2020,A,31,3,315.00,Security+2.0,Security+2.0,1,1,240,165
SynGate_SecPlusI392_2021_fobA_series31_press1.sub,SynGate,SecPlusI392,2021,A,31,1,315.00,Security+1.0,(no-decode),0,0,400,100
SynGate_SecPlusI392_2021_fobA_series31_press2.sub,SynGate,SecPlusI392,2021,A,31,2,315.00,Security+1.0,(no-decode),0,0,400,100
SynGate_SecPlusI392_2021_fobA_series31_press3.sub,SynGate,SecPlusI392,2021,A,31,3,315.00,Security+1.0,(no-decode),0,0,400,100
SynPortal_HanRoll393_2022_fobA_series31_press1.sub,SynPortal,HanRoll393,2022,A,31,1,433.92,DoorHan-Rolling,DoorHan-Rolling,1,1,816,84
SynPortal_HanRoll393_2022_fobA_series31_press2.sub,SynPortal,HanRoll393,2022,A,31,2,433.92,DoorHan-Rolling,DoorHan-Rolling,1,1,816,84
SynPortal_HanRoll393_2022_fobA_series31_press3.sub,SynPortal,HanRoll393,2022,A,31,3,433.92,DoorHan-Rolling,DoorHan-Rolling,1,1,816,84
SynBarrier_Cam12394_2023_fobA_series31_press1.sub,SynBarrier,Cam12394,2023,A,31,1,433.92,CAME-12,CAME-12,1,1,336,34
SynBarrier_Cam12394_2023_fobA_series31_press2.sub,SynBarrier,Cam12394,2023,A,31,2,433.92,CAME-12,CAME-12,1,1,336,34
SynBarrier_Cam12394_2023_fobA_series31_press3.sub,SynBarrier,Cam12394,2023,A,31,3,433.92,CAME-12,CAME-12,1,1,336,34
SynBarrier_FloFix395_2024_fobA_series31_press1.sub,SynBarrier,FloFix395,2024,A,31,1,433.92,Nice-FLO,Nice-FLO,1,1,592,39
SynBarrier_FloFix395_2024_fobA_series31_press2.sub,SynBarrier,FloFix395,2024,A,31,2,433.92,Nice-FLO,Nice-FLO,1,1,592,39
SynBarrier_FloFix395_2024_fobA_series31_press3.sub,SynBarrier,FloFix395,2024,A,31,3,433.92,Nice-FLO,Nice-FLO,1,1,592,39
SynClone_HT6396_2016_fobA_series31_press1.sub,SynClone,HT6396,2016,A,31,1,433.92,Holtek-HT6P20,Holtek-HT6P20,1,1,176,82
SynClone_HT6396_2016_fobA_series31_press2.sub,SynClone,HT6396,2016,A,31,2,433.92,Holtek-HT6P20,Holtek-HT6P20,1,1,176,82
SynClone_HT6396_2016_fobA_series31_press3.sub,SynClone,HT6396,2016,A,31,3,433.92,Holtek-HT6P20,Holtek-HT6P20,1,1,176,82
SynPortal_SlhFix397_2017_fobA_series31_press1.sub,SynPortal,SlhFix397,2017,A,31,1,433.92,FAAC-SLH,FAAC-SLH,1,1,304,168
SynPortal_SlhFix397_2017_fobA_series31_press2.sub,SynPortal,SlhFix397,2017,A,31,2,433.92,FAAC-SLH,FAAC-SLH,1,1,304,168
SynPortal_SlhFix397_2017_fobA_series31_press3.sub,SynPortal,SlhFix397,2017,A,31,3,433.92,FAAC-SLH,FAAC-SLH,1,1,304,168
SynClone_Anso12398_2018_fobA_series31_press1.sub,SynClone,Anso12398,2018,A,31,1,433.92,Ansonic-12,Ansonic-12,1,1,592,74
SynClone_Anso12398_2018_fobA_series31_press2.sub,SynClone,Anso12398,2018,A,31,2,433.92,Ansonic-12,Ansonic-12,1,1,592,74
SynClone_Anso12398_2018_fobA_series31_press3.sub,SynClone,Anso12398,2018,A,31,3,433.92,Ansonic-12,Ansonic-12,1,1,592,74
SynBarrier_Multi10399_2019_fobA_series31_press1.sub,SynBarrier,Multi10399,2019,A,31,1,300.00,Linear-10,Linear-10,1,1,1008,24
SynBarrier_Multi10399_2019_fobA_series31_press2.sub,SynBarrier,Multi10399,2019,A,31,2,300.00,Linear-10,Linear-10,1,1,1008,24
SynBarrier_Multi10399_2019_fobA_series31_press3.sub,SynBarrier,Multi10399,2019,A,31,3,300.00,Linear-10,Linear-10,1,1,1008,24
SynClone_GatePT400_2020_fobA_series31_press1.sub,SynClone,GatePT400,2020,A,31,1,433.92,PT2262,PT2262,1,1,1008,48
SynClone_GatePT400_2020_fobA_series31_press2.sub,SynClone,GatePT400,2020,A,31,2,433.92,PT2262,PT2262,1,1,1008,48
SynClone_GatePT400_2020_fobA_series31_press3.sub,SynClone,GatePT400,2020,A,31,3,433.92,PT2262,PT2262,1,1,1008,48
SynClone_GateEV401_2021_fobA_series31_press1.sub,SynClone,GateEV401,2021,A,31,1,315.00,EV1527,EV1527,1,1,656,40
SynClone_GateEV401_2021_fobA_series31_press2.sub,SynClone,GateEV401,2021,A,31,2,315.00,EV1527,EV1527,1,1,656,40
SynClone_GateEV401_2021_fobA_series31_press3.sub,SynClone,GateEV401,2021,A,31,3,315.00,EV1527,EV1527,1,1,656,40
SynWheel_Sensor20402_2022_fobA_series31_press1.sub,SynWheel,Sensor20402,2022,A,31,1,433.92,TPMS,TPMS,1,1,496,64
SynWheel_Sensor20402_2022_fobA_series31_press2.sub,SynWheel,Sensor20402,2022,A,31,2,433.92,TPMS,TPMS,1,1,496,64
SynWheel_Sensor20402_2022_fobA_series31_press3.sub,SynWheel,Sensor20402,2022,A,31,3,433.92,TPMS,TPMS,1,1,496,64
SynMotors_RollGuard403_2023_fobA_series32_press1.sub,SynMotors,RollGuard403,2023,A,32,1,433.92,KeeLoq-HCS300,KeeLoq-HCS300,1,1,400,156
SynMotors_RollGuard403_2023_fobA_series32_press2.sub,SynMotors,RollGuard403,2023,A,32,2,433.92,KeeLoq-HCS300,KeeLoq-HCS300,1,1,400,156
SynMotors_RollGuard403_2023_fobA_series32_press3.sub,SynMotors,RollGuard403,2023,A,32,3,433.92,KeeLoq-HCS300,KeeLoq-HCS300,1,1,400,156
SynGate_SecPlusII404_2024_fobA_series32_press1.sub,SynGate,SecPlusII404,2024,A,32,1,315.00,Security+2.0,Security+2.0,1,1,240,165
SynGate_SecPlusII404_2024_fobA_series32_press2.sub,SynGate,SecPlusII404,2024,A,32,2,315.00,Security+2.0,Security+2.0,1,1,240,165
SynGate_SecPlusII404_2024_fobA_series32_press3.sub,SynGate,SecPlusII404,2024,A,32,3,315.00,Security+2.0,Security+2.0,1,1,240,165
SynGate_SecPlusI405_2016_fobA_series32_press1.sub,SynGate,SecPlusI405,2016,A,32,1,315.00,Security+1.0,(no-decode),0,0,400,100
SynGate_SecPlusI405_2016_fobA_series32_press2.sub,SynGate,SecPlusI405,2016,A,32,2,315.00,Security+1.0,(no-decode),0,0,400,100
SynGate_SecPlusI405_2016_fobA_series32_press3.sub,SynGate,SecPlusI405,2016,A,32,3,315.00,Security+1.0,(no-decode),0,0,400,100
SynPortal_HanRoll406_2017_fobA_series32_press1.sub,SynPortal,HanRoll406,2017,A,32,1,433.92,DoorHan-Rolling,DoorHan-Rolling,1,1,816,84
SynPortal_HanRoll406_2017_fobA_series32_press2.sub,SynPortal,HanRoll406,2017,A,32,2,433.92,DoorHan-Rolling,DoorHan-Rolling,1,1,816,84
SynPortal_HanRoll406_2017_fobA_series32_press3.sub,SynPortal,HanRoll406,2017,A,32,3,433.92,DoorHan-Rolling,DoorHan-Rolling,1,1,816,84
SynBarrier_Cam12407_2018_fobA_series32_press1.sub,SynBarrier,Cam12407,2018,A,32,1,433.92,CAME-12,CAME-12,1,1,336,34
SynBarrier_Cam12407_2018_fobA_series32_press2.sub,SynBarrier,Cam12407,2018,A,32,2,433.92,CAME-12,CAME-12,1,1,336,34
SynBarrier_Cam12407_2018_fobA_series32_press3.sub,SynBarrier,Cam12407,2018,A,32,3,433.92,CAME-12,CAME-12,1,1,336,34
SynBarrier_FloFix408_2019_fobA_series32_press1.sub,SynBarrier,FloFix408,2019,A,32,1,433.92,Nice-FLO,Nice-FLO,1,1,592,39
SynBarrier_FloFix408_2019_fobA_series32_press2.sub,SynBarrier,FloFix408,2019,A,32,2,433.92,Nice-FLO,Nice-FLO,1,1,592,39
SynBarrier_FloFix408_2019_fobA_series32_press3.sub,SynBarrier,FloFix408,2019,A,32,3,433.92,Nice-FLO,Nice-FLO,1,1,592,39
SynClone_HT6409_2020_fobA_series32_press1.sub,SynClone,HT6409,2020,A,32,1,433.92,Holtek-HT6P20,Holtek-HT6P20,1,1,176,82
SynClone_HT6409_2020_fobA_series32_press2.sub,SynClone,HT6409,2020,A,32,2,433.92,Holtek-HT6P20,Holtek-HT6P20,1,1,176,82
SynClone_HT6409_2020_fobA_series32_press3.sub,SynClone,HT6409,2020,A,32,3,433.92,Holtek-HT6P20,Holtek-HT6P20,1,1,176,82
SynPortal_SlhFix410_2021_fobA_series32_press1.sub,SynPortal,SlhFix410,2021,A,32,1,433.92,FAAC-SLH,FAAC-SLH,1,1,304,168
SynPortal_SlhFix410_2021_fobA_series32_press2.sub,SynPortal,SlhFix410,2021,A,32,2,433.92,FAAC-SLH,FAAC-SLH,1,1,304,168
SynPortal_SlhFix410_2021_fobA_series32_press3.sub,SynPortal,SlhFix410,2021,A,32,3,433.92,FAAC-SLH,FAAC-SLH,1,1,304,168
SynClone_Anso12411_2022_fobA_series32_press1.sub,SynClone,Anso12411,2022,A,32,1,433.92,Ansonic-12,Ansonic-12,1,1,592,74
SynClone_Anso12411_2022_fobA_series32_press2.sub,SynClone,Anso12411,2022,A,32,2,433.92,Ansonic-12,Ansonic-12,1,1,592,74
SynClone_Anso12411_2022_fobA_series32_press3.sub,SynClone,Anso12411,2022,A,32,3,433.92,Ansonic-12,Ansonic-12,1,1,592,74
SynBarrier_Multi10412_2023_fobA_series32_press1.sub,SynBarrier,Multi10412,2023,A,32,1,300.00,Linear-10,Linear-10,1,1,1008,24
SynBarrier_Multi10412_2023_fobA_series32_press2.sub,SynBarrier,Multi10412,2023,A,32,2,300.00,Linear-10,Linear-10,1,1,1008,24
SynBarrier_Multi10412_2023_fobA_series32_press3.sub,SynBarrier,Multi10412,2023,A,32,3,300.00,Linear-10,Linear-10,1,1,1008,24
SynClone_GatePT413_2024_fobA_series32_press1.sub,SynClone,GatePT413,2024,A,32,1,433.92,PT2262,PT2262,1,1,1008,48
SynClone_GatePT413_2024_fobA_series32_press2.sub,SynClone,GatePT413,2024,A,32,2,433.92,PT2262,PT2262,1,1,1008,48
SynClone_GatePT413_2024_fobA_series32_press3.sub,SynClone,GatePT413,2024,A,32,3,433.92,PT2262,PT2262,1,1,1008,48
SynClone_GateEV414_2016_fobA_series32_press1.sub,SynClone,GateEV414,2016,A,32,1,315.00,EV1527,EV1527,1,1,656,40
SynClone_GateEV414_2016_fobA_series32_press2.sub,SynClone,GateEV414,2016,A,32,2,315.00,EV1527,EV1527,1,1,656,40
SynClone_GateEV414_2016_fobA_series32_press3.sub,SynClone,GateEV414,2016,A,32,3,315.00,EV1527,EV1527,1,1,656,40
SynWheel_Sensor20415_2017_fobA_series32_press1.sub,SynWheel,Sensor20415,2017,A,32,1,433.92,TPMS,TPMS,1,1,496,64
SynWheel_Sensor20415_2017_fobA_series32_press2.sub,SynWheel,Sensor20415,2017,A,32,2,433.92,TPMS,TPMS,1,1,496,64
SynWheel_Sensor20415_2017_fobA_series32_press3.sub,SynWheel,Sensor20415,2017,A,32,3,433.92,TPMS,TPMS,1,1,496,64
SynMotors_RollGuard416_2018_fobA_series33_press1.sub,SynMotors,RollGuard416,2018,A,33,1,433.92,KeeLoq-HCS300,KeeLoq-HCS300,1,1,400,156
SynMotors_RollGuard416_2018_fobA_series33_press2.sub,SynMotors,RollGuard416,2018,A,33,2,433.92,KeeLoq-HCS300,KeeLoq-HCS300,1,1,400,156
SynMotors_RollGuard416_2018_fobA_series33_press3.sub,SynMotors,RollGuard416,2018,A,33,3,433.92,KeeLoq-HCS300,KeeLoq-HCS300,1,1,400,156
SynGate_SecPlusII417_2019_fobA_series33_press1.sub,SynGate,SecPlusII417,2019,A,33,1,315.00,Security+2.0,Security+2.0,1,1,240,165
SynGate_SecPlusII417_2019_fobA_series33_press2.sub,SynGate,SecPlusII417,2019,A,33,2,315.00,Security+2.0,Security+2.0,1,1,240,165
SynGate_SecPlusII417_2019_fobA_series33_press3.sub,SynGate,SecPlusII417,2019,A,33,3,315.00,Security+2.0,Security+2.0,1,1,240,165
SynGate_SecPlusI418_2020_fobA_series33_press1.sub,SynGate,SecPlusI418,2020,A,33,1,315.00,Security+1.0,(no-decode),0,0,400,100
SynGate_SecPlusI418_2020_fobA_series33_press2.sub,SynGate,SecPlusI418,2020,A,33,2,315.00,Security+1.0,(no-decode),0,0,400,100
SynGate_SecPlusI418_2020_fobA_series33_press3.sub,SynGate,SecPlusI418,2020,A,33,3,315.00,Security+1.0,(no-decode),0,0,400,100
SynPortal_HanRoll419_2021_fobA_series33_press1.sub,SynPortal,HanRoll419,2021,A,33,1,433.92,DoorHan-Rolling,DoorHan-Rolling,1,1,816,84
SynPortal_HanRoll419_2021_fobA_series33_press2.sub,SynPortal,HanRoll419,2021,A,33,2,433.92,DoorHan-Rolling,DoorHan-Rolling,1,1,816,84
SynPortal_HanRoll419_2021_fobA_series33_press3.sub,SynPortal,HanRoll419,2021,A,33,3,433.92,DoorHan-Rolling,DoorHan-Rolling,1,1,816,84
SynBarrier_Cam12420_2022_fobA_series33_press1.sub,SynBarrier,Cam12420,2022,A,33,1,433.92,CAME-12,CAME-12,1,1,336,34
SynBarrier_Cam12420_2022_fobA_series33_press2.sub,SynBarrier,Cam12420,2022,A,33,2,433.92,CAME-12,CAME-12,1,1,336,34
SynBarrier_Cam12420_2022_fobA_series33_press3.sub,SynBarrier,Cam12420,2022,A,33,3,433.92,CAME-12,CAME-12,1,1,336,34
SynBarrier_FloFix421_2023_fobA_series33_press1.sub,SynBarrier,FloFix421,2023,A,33,1,433.92,Nice-FLO,Nice-FLO,1,1,592,39
SynBarrier_FloFix421_2023_fobA_series33_press2.sub,SynBarrier,FloFix421,2023,A,33,2,433.92,Nice-FLO,Nice-FLO,1,1,592,39
SynBarrier_FloFix421_2023_fobA_series33_press3.sub,SynBarrier,FloFix421,2023,A,33,3,433.92,Nice-FLO,Nice-FLO,1,1,592,39
SynClone_HT6422_2024_fobA_series33_press1.sub,SynClone,HT6422,2024,A,33,1,433.92,Holtek-HT6P20,Holtek-HT6P20,1,1,176,82
SynClone_HT6422_2024_fobA_series33_press2.sub,SynClone,HT6422,2024,A,33,2,433.92,Holtek-HT6P20,Holtek-HT6P20,1,1,176,82
SynClone_HT6422_2024_fobA_series33_press3.sub,SynClone,HT6422,2024,A,33,3,433.92,Holtek-HT6P20,Holtek-HT6P20,1,1,176,82
SynPortal_SlhFix423_2016_fobA_series33_press1.sub,SynPortal,SlhFix423,2016,A,33,1,433.92,FAAC-SLH,FAAC-SLH,1,1,304,168
SynPortal_SlhFix423_2016_fobA_series33_press2.sub,SynPortal,SlhFix423,2016,A,33,2,433.92,FAAC-SLH,FAAC-SLH,1,1,304,168
SynPortal_SlhFix423_2016_fobA_series33_press3.sub,SynPortal,SlhFix423,2016,A,33,3,433.92,FAAC-SLH,FAAC-SLH,1,1,304,168
SynClone_Anso12424_2017_fobA_series33_press1.sub,SynClone,Anso12424,2017,A,33,1,433.92,Ansonic-12,Ansonic-12,1,1,592,74
SynClone_Anso12424_2017_fobA_series33_press2.sub,SynClone,Anso12424,2017,A,33,2,433.92,Ansonic-12,Ansonic-12,1,1,592,74
SynClone_Anso12424_2017_fobA_series33_press3.sub,SynClone,Anso12424,2017,A,33,3,433.92,Ansonic-12,Ansonic-12,1,1,592,74
SynBarrier_Multi10425_2018_fobA_series33_press1.sub,SynBarrier,Multi10425,2018,A,33,1,300.00,Linear-10,Linear-10,1,1,1008,24
SynBarrier_Multi10425_2018_fobA_series33_press2.sub,SynBarrier,Multi10425,2018,A,33,2,300.00,Linear-10,Linear-10,1,1,1008,24
SynBarrier_Multi10425_2018_fobA_series33_press3.sub,SynBarrier,Multi10425,2018,A,33,3,300.00,Linear-10,Linear-10,1,1,1008,24
SynClone_GatePT426_2019_fobA_series33_press1.sub,SynClone,GatePT426,2019,A,33,1,433.92,PT2262,PT2262,1,1,1008,48
SynClone_GatePT426_2019_fobA_series33_press2.sub,SynClone,GatePT426,2019,A,33,2,433.92,PT2262,PT2262,1,1,1008,48
SynClone_GatePT426_2019_fobA_series33_press3.sub,SynClone,GatePT426,2019,A,33,3,433.92,PT2262,PT2262,1,1,1008,48
SynClone_GateEV427_2020_fobA_series33_press1.sub,SynClone,GateEV427,2020,A,33,1,315.00,EV1527,EV1527,1,1,656,40
SynClone_GateEV427_2020_fobA_series33_press2.sub,SynClone,GateEV427,2020,A,33,2,315.00,EV1527,EV1527,1,1,656,40
SynClone_GateEV427_2020_fobA_series33_press3.sub,SynClone,GateEV427,2020,A,33,3,315.00,EV1527,EV1527,1,1,656,40
SynWheel_Sensor20428_2021_fobA_series33_press1.sub,SynWheel,Sensor20428,2021,A,33,1,433.92,TPMS,TPMS,1,1,496,64
SynWheel_Sensor20428_2021_fobA_series33_press2.sub,SynWheel,Sensor20428,2021,A,33,2,433.92,TPMS,TPMS,1,1,496,64
SynWheel_Sensor20428_2021_fobA_series33_press3.sub,SynWheel,Sensor20428,2021,A,33,3,433.92,TPMS,TPMS,1,1,496,64
SynMotors_RollGuard429_2022_fobA_series34_press1.sub,SynMotors,RollGuard429,2022,A,34,1,433.92,KeeLoq-HCS300,KeeLoq-HCS300,1,1,400,156
SynMotors_RollGuard429_2022_fobA_series34_press2.sub,SynMotors,RollGuard429,2022,A,34,2,433.92,KeeLoq-HCS300,KeeLoq-HCS300,1,1,400,156
SynMotors_RollGuard429_2022_fobA_series34_press3.sub,SynMotors,RollGuard429,2022,A,34,3,433.92,KeeLoq-HCS300,KeeLoq-HCS300,1,1,400,156
SynGate_SecPlusII430_2023_fobA_series34_press1.sub,SynGate,SecPlusII430,2023,A,34,1,315.00,Security+2.0,Security+2.0,1,1,240,165
SynGate_SecPlusII430_2023_fobA_series34_press2.sub,SynGate,SecPlusII430,2023,A,34,2,315.00,Security+2.0,Security+2.0,1,1,240,165
SynGate_SecPlusII430_2023_fobA_series34_press3.sub,SynGate,SecPlusII430,2023,A,34,3,315.00,Security+2.0,Security+2.0,1,1,240,165
SynGate_SecPlusI431_2024_fobA_series34_press1.sub,SynGate,SecPlusI431,2024,A,34,1,315.00,Security+1.0,(no-decode),0,0,400,100
SynGate_SecPlusI431_2024_fobA_series34_press2.sub,SynGate,SecPlusI431,2024,A,34,2,315.00,Security+1.0,(no-decode),0,0,400,100
SynGate_SecPlusI431_2024_fobA_series34_press3.sub,SynGate,SecPlusI431,2024,A,34,3,315.00,Security+1.0,Security+1.0,1,1,400,100
SynPortal_HanRoll432_2016_fobA_series34_press1.sub,SynPortal,HanRoll432,2016,A,34,1,433.92,DoorHan-Rolling,DoorHan-Rolling,1,1,816,84
SynPortal_HanRoll432_2016_fobA_series34_press2.sub,SynPortal,HanRoll432,2016,A,34,2,433.92,DoorHan-Rolling,DoorHan-Rolling,1,1,816,84
SynPortal_HanRoll432_2016_fobA_series34_press3.sub,SynPortal,HanRoll432,2016,A,34,3,433.92,DoorHan-Rolling,DoorHan-Rolling,1,1,816,84
SynBarrier_Cam12433_2017_fobA_series34_press1.sub,SynBarrier,Cam12433,2017,A,34,1,433.92,CAME-12,CAME-12,1,1,336,34
SynBarrier_Cam12433_2017_fobA_series34_press2.sub,SynBarrier,Cam12433,2017,A,34,2,433.92,CAME-12,CAME-12,1,1,336,34
SynBarrier_Cam12433_2017_fobA_series34_press3.sub,SynBarrier,Cam12433,2017,A,34,3,433.92,CAME-12,CAME-12,1,1,336,34
SynBarrier_FloFix434_2018_fobA_series34_press1.sub,SynBarrier,FloFix434,2018,A,34,1,433.92,Nice-FLO,Nice-FLO,1,1,592,39
SynBarrier_FloFix434_2018_fobA_series34_press2.sub,SynBarrier,FloFix434,2018,A,34,2,433.92,Nice-FLO,Nice-FLO,1,1,592,39
SynBarrier_FloFix434_2018_fobA_series34_press3.sub,SynBarrier,FloFix434,2018,A,34,3,433.92,Nice-FLO,Nice-FLO,1,1,592,39
SynClone_HT6435_2019_fobA_series34_press1.sub,SynClone,HT6435,2019,A,34,1,433.92,Holtek-HT6P20,Holtek-HT6P20,1,1,176,82
SynClone_HT6435_2019_fobA_series34_press2.sub,SynClone,HT6435,2019,A,34,2,433.92,Holtek-HT6P20,Holtek-HT6P20,1,1,176,82
SynClone_HT6435_2019_fobA_series34_press3.sub,SynClone,HT6435,2019,A,34,3,433.92,Holtek-HT6P20,Holtek-HT6P20,1,1,176,82
SynPortal_SlhFix436_2020_fobA_series34_press1.sub,SynPortal,SlhFix436,2020,A,34,1,433.92,FAAC-SLH,FAAC-SLH,1,1,304,168
SynPortal_SlhFix436_2020_fobA_series34_press2.sub,SynPortal,SlhFix436,2020,A,34,2,433.92,FAAC-SLH,FAAC-SLH,1,1,304,168
SynPortal_SlhFix436_2020_fobA_series34_press3.sub,SynPortal,SlhFix436,2020,A,34,3,433.92,FAAC-SLH,FAAC-SLH,1,1,304,168
SynClone_Anso12437_2021_fobA_series34_press1.sub,SynClone,Anso12437,2021,A,34,1,433.92,Ansonic-12,Ansonic-12,1,1,592,74
SynClone_Anso12437_2021_fobA_series34_press2.sub,SynClone,Anso12437,2021,A,34,2,433.92,Ansonic-12,Ansonic-12,1,1,592,74
SynClone_Anso12437_2021_fobA_series34_press3.sub,SynClone,Anso12437,2021,A,34,3,433.92,Ansonic-12,Ansonic-12,1,1,592,74
SynBarrier_Multi10438_2022_fobA_series34_press1.sub,SynBarrier,Multi10438,2022,A,34,1,300.00,Linear-10,Linear-10,1,1,1008,24
SynBarrier_Multi10438_2022_fobA_series34_press2.sub,SynBarrier,Multi10438,2022,A,34,2,300.00,Linear-10,Linear-10,1,1,1008,24
SynBarrier_Multi10438_2022_fobA_series34_press3.sub,SynBarrier,Multi10438,2022,A,34,3,300.00,Linear-10,Linear-10,1,1,1008,24
SynClone_GatePT439_2023_fobA_series34_press1.sub,SynClone,GatePT439,2023,A,34,1,433.92,PT2262,PT2262,1,1,1008,48
SynClone_GatePT439_2023_fobA_series34_press2.sub,SynClone,GatePT439,2023,A,34,2,433.92,PT2262,PT2262,1,1,1008,48
SynClone_GatePT439_2023_fobA_series34_press3.sub,SynClone,GatePT439,2023,A,34,3,433.92,PT2262,PT2262,1,1,1008,48
SynClone_GateEV440_2024_fobA_series34_press1.sub,SynClone,GateEV440,2024,A,34,1,315.00,EV1527,EV1527,1,1,656,40
SynClone_GateEV440_2024_fobA_series34_press2.sub,SynClone,GateEV440,2024,A,34,2,315.00,EV1527,EV1527,1,1,656,40
SynClone_GateEV440_2024_fobA_series34_press3.sub,SynClone,GateEV440,2024,A,34,3,315.00,EV1527,EV1527,1,1,656,40
SynWheel_Sensor20441_2016_fobA_series34_press1.sub,SynWheel,Sensor20441,2016,A,34,1,433.92,TPMS,TPMS,1,1,496,64
SynWheel_Sensor20441_2016_fobA_series34_press2.sub,SynWheel,Sensor20441,2016,A,34,2,433.92,TPMS,TPMS,1,1,496,64
SynWheel_Sensor20441_2016_fobA_series34_press3.sub,SynWheel,Sensor20441,2016,A,34,3,433.92,TPMS,TPMS,1,1,496,64
SynMotors_RollGuard442_2017_fobA_series35_press1.sub,SynMotors,RollGuard442,2017,A,35,1,433.92,KeeLoq-HCS300,KeeLoq-HCS300,1,1,400,156
SynMotors_RollGuard442_2017_fobA_series35_press2.sub,SynMotors,RollGuard442,2017,A,35,2,433.92,KeeLoq-HCS300,KeeLoq-HCS300,1,1,400,156
SynMotors_RollGuard442_2017_fobA_series35_press3.sub,SynMotors,RollGuard442,2017,A,35,3,433.92,KeeLoq-HCS300,KeeLoq-HCS300,1,1,400,156
SynGate_SecPlusII443_2018_fobA_series35_press1.sub,SynGate,SecPlusII443,2018,A,35,1,315.00,Security+2.0,Security+2.0,1,1,240,165
SynGate_SecPlusII443_2018_fobA_series35_press2.sub,SynGate,SecPlusII443,2018,A,35,2,315.00,Security+2.0,Security+2.0,1,1,240,165
SynGate_SecPlusII443_2018_fobA_series35_press3.sub,SynGate,SecPlusII443,2018,A,35,3,315.00,Security+2.0,Security+2.0,1,1,240,165
SynGate_SecPlusI444_2019_fobA_series35_press1.sub,SynGate,SecPlusI444,2019,A,35,1,315.00,Security+1.0,(no-decode),0,0,400,100
SynGate_SecPlusI444_2019_fobA_series35_press2.sub,SynGate,SecPlusI444,2019,A,35,2,315.00,Security+1.0,(no-decode),0,0,400,100
SynGate_SecPlusI444_2019_fobA_series35_press3.sub,SynGate,SecPlusI444,2019,A,35,3,315.00,Security+1.0,(no-decode),0,0,400,100
SynPortal_HanRoll445_2020_fobA_series35_press1.sub,SynPortal,HanRoll445,2020,A,35,1,433.92,DoorHan-Rolling,DoorHan-Rolling,1,1,816,84
SynPortal_HanRoll445_2020_fobA_series35_press2.sub,SynPortal,HanRoll445,2020,A,35,2,433.92,DoorHan-Rolling,DoorHan-Rolling,1,1,816,84
SynPortal_HanRoll445_2020_fobA_series35_press3.sub,SynPortal,HanRoll445,2020,A,35,3,433.92,DoorHan-Rolling,DoorHan-Rolling,1,1,816,84
SynBarrier_Cam12446_2021_fobA_series35_press1.sub,SynBarrier,Cam12446,2021,A,35,1,433.92,CAME-12,CAME-12,1,1,336,34
SynBarrier_Cam12446_2021_fobA_series35_press2.sub,SynBarrier,Cam12446,2021,A,35,2,433.92,CAME-12,CAME-12,1,1,336,34
SynBarrier_Cam12446_2021_fobA_series35_press3.sub,SynBarrier,Cam12446,2021,A,35,3,433.92,CAME-12,CAME-12,1,1,336,34
SynBarrier_FloFix447_2022_fobA_series35_press1.sub,SynBarrier,FloFix447,2022,A,35,1,433.92,Nice-FLO,Nice-FLO,1,1,592,39
SynBarrier_FloFix447_2022_fobA_series35_press2.sub,SynBarrier,FloFix447,2022,A,35,2,433.92,Nice-FLO,Nice-FLO,1,1,592,39
SynBarrier_FloFix447_2022_fobA_series35_press3.sub,SynBarrier,FloFix447,2022,A,35,3,433.92,Nice-FLO,Nice-FLO,1,1,592,39
SynClone_HT6448_2023_fobA_series35_press1.sub,SynClone,HT6448,2023,A,35,1,433.92,Holtek-HT6P20,Holtek-HT6P20,1,1,176,82
SynClone_HT6448_2023_fobA_series35_press2.sub,SynClone,HT6448,2023,A,35,2,433.92,Holtek-HT6P20,Holtek-HT6P20,1,1,176,82
SynClone_HT6448_2023_fobA_series35_press3.sub,SynClone,HT6448,2023,A,35,3,433.92,Holtek-HT6P20,Holtek-HT6P20,1,1,176,82
SynPortal_SlhFix449_2024_fobA_series35_press1.sub,SynPortal,SlhFix449,2024,A,35,1,433.92,FAAC-SLH,FAAC-SLH,1,1,304,168
SynPortal_SlhFix449_2024_fobA_series35_press2.sub,SynPortal,SlhFix449,2024,A,35,2,433.92,FAAC-SLH,FAAC-SLH,1,1,304,168
SynPortal_SlhFix449_2024_fobA_series35_press3.sub,SynPortal,SlhFix449,2024,A,35,3,433.92,FAAC-SLH,FAAC-SLH,1,1,304,168
SynClone_Anso12450_2016_fobA_series35_press1.sub,SynClone,Anso12450,2016,A,35,1,433.92,Ansonic-12,Ansonic-12,1,1,592,74
SynClone_Anso12450_2016_fobA_series35_press2.sub,SynClone,Anso12450,2016,A,35,2,433.92,Ansonic-12,Ansonic-12,1,1,592,74
SynClone_Anso12450_2016_fobA_series35_press3.sub,SynClone,Anso12450,2016,A,35,3,433.92,Ansonic-12,Ansonic-12,1,1,592,74
SynBarrier_Multi10451_2017_fobA_series35_press1.sub,SynBarrier,Multi10451,2017,A,35,1,300.00,Linear-10,Linear-10,1,1,1008,24
SynBarrier_Multi10451_2017_fobA_series35_press2.sub,SynBarrier,Multi10451,2017,A,35,2,300.00,Linear-10,Linear-10,1,1,1008,24
SynBarrier_Multi10451_2017_fobA_series35_press3.sub,SynBarrier,Multi10451,2017,A,35,3,300.00,Linear-10,Linear-10,1,1,1008,24
SynClone_GatePT452_2018_fobA_series35_press1.sub,SynClone,GatePT452,2018,A,35,1,433.92,PT2262,PT2262,1,1,1008,48
SynClone_GatePT452_2018_fobA_series35_press2.sub,SynClone,GatePT452,2018,A,35,2,433.92,PT2262,PT2262,1,1,1008,48
SynClone_GatePT452_2018_fobA_series35_press3.sub,SynClone,GatePT452,2018,A,35,3,433.92,PT2262,PT2262,1,1,1008,48
SynClone_GateEV453_2019_fobA_series35_press1.sub,SynClone,GateEV453,2019,A,35,1,315.00,EV1527,EV1527,1,1,656,40
SynClone_GateEV453_2019_fobA_series35_press2.sub,SynClone,GateEV453,2019,A,35,2,315.00,EV1527,EV1527,1,1,656,40
SynClone_GateEV453_2019_fobA_series35_press3.sub,SynClone,GateEV453,2019,A,35,3,315.00,EV1527,EV1527,1,1,656,40
SynWheel_Sensor20454_2020_fobA_series35_press1.sub,SynWheel,Sensor20454,2020,A,35,1,433.92,TPMS,TPMS,1,1,496,64
SynWheel_Sensor20454_2020_fobA_series35_press2.sub,SynWheel,Sensor20454,2020,A,35,2,433.92,TPMS,TPMS,1,1,496,64
SynWheel_Sensor20454_2020_fobA_series35_press3.sub,SynWheel,Sensor20454,2020,A,35,3,433.92,TPMS,TPMS,1,1,496,64
SynMotors_RollGuard455_2021_fobA_series36_press1.sub,SynMotors,RollGuard455,2021,A,36,1,433.92,KeeLoq-HCS300,KeeLoq-HCS300,1,1,400,156
SynMotors_RollGuard455_2021_fobA_series36_press2.sub,SynMotors,RollGuard455,2021,A,36,2,433.92,KeeLoq-HCS300,KeeLoq-HCS300,1,1,400,156
SynMotors_RollGuard455_2021_fobA_series36_press3.sub,SynMotors,RollGuard455,2021,A,36,3,433.92,KeeLoq-HCS300,KeeLoq-HCS300,1,1,400,156
SynGate_SecPlusII456_2022_fobA_series36_press1.sub,SynGate,SecPlusII456,2022,A,36,1,315.00,Security+2.0,Security+2.0,1,1,240,165
SynGate_SecPlusII456_2022_fobA_series36_press2.sub,SynGate,SecPlusII456,2022,A,36,2,315.00,Security+2.0,Security+2.0,1,1,240,165
SynGate_SecPlusII456_2022_fobA_series36_press3.sub,SynGate,SecPlusII456,2022,A,36,3,315.00,Security+2.0,Security+2.0,1,1,112,165
SynGate_SecPlusI457_2023_fobA_series36_press1.sub,SynGate,SecPlusI457,2023,A,36,1,315.00,Security+1.0,(no-decode),0,0,400,100
SynGate_SecPlusI457_2023_fobA_series36_press2.sub,SynGate,SecPlusI457,2023,A,36,2,315.00,Security+1.0,(no-decode),0,0,400,100
SynGate_SecPlusI457_2023_fobA_series36_press3.sub,SynGate,SecPlusI457,2023,A,36,3,315.00,Security+1.0,(no-decode),0,0,400,100
SynPortal_HanRoll458_2024_fobA_series36_press1.sub,SynPortal,HanRoll458,2024,A,36,1,433.92,DoorHan-Rolling,DoorHan-Rolling,1,1,816,84
SynPortal_HanRoll458_2024_fobA_series36_press2.sub,SynPortal,HanRoll458,2024,A,36,2,433.92,DoorHan-Rolling,DoorHan-Rolling,1,1,816,84
SynPortal_HanRoll458_2024_fobA_series36_press3.sub,SynPortal,HanRoll458,2024,A,36,3,433.92,DoorHan-Rolling,DoorHan-Rolling,1,1,816,84
SynBarrier_Cam12459_2016_fobA_series36_press1.sub,SynBarrier,Cam12459,2016,A,36,1,433.92,CAME-12,CAME-12,1,1,336,34
SynBarrier_Cam12459_2016_fobA_series36_press2.sub,SynBarrier,Cam12459,2016,A,36,2,433.92,CAME-12,CAME-12,1,1,336,34
SynBarrier_Cam12459_2016_fobA_series36_press3.sub,SynBarrier,Cam12459,2016,A,36,3,433.92,CAME-12,CAME-12,1,1,336,34
SynBarrier_FloFix460_2017_fobA_series36_press1.sub,SynBarrier,FloFix460,2017,A,36,1,433.92,Nice-FLO,Nice-FLO,1,1,592,39
SynBarrier_FloFix460_2017_fobA_series36_press2.sub,SynBarrier,FloFix460,2017,A,36,2,433.92,Nice-FLO,Nice-FLO,1,1,592,39
SynBarrier_FloFix460_2017_fobA_series36_press3.sub,SynBarrier,FloFix460,2017,A,36,3,433.92,Nice-FLO,Nice-FLO,1,1,592,39
SynClone_HT6461_2018_fobA_series36_press1.sub,SynClone,HT6461,2018,A,36,1,433.92,Holtek-HT6P20,Holtek-HT6P20,1,1,176,82
SynClone_HT6461_2018_fobA_series36_press2.sub,SynClone,HT6461,2018,A,36,2,433.92,Holtek-HT6P20,Holtek-HT6P20,1,1,176,82
SynClone_HT6461_2018_fobA_series36_press3.sub,SynClone,HT6461,2018,A,36,3,433.92,Holtek-HT6P20,Holtek-HT6P20,1,1,176,82
SynPortal_SlhFix462_2019_fobA_series36_press1.sub,SynPortal,SlhFix462,2019,A,36,1,433.92,FAAC-SLH,FAAC-SLH,1,1,304,168
SynPortal_SlhFix462_2019_fobA_series36_press2.sub,SynPortal,SlhFix462,2019,A,36,2,433.92,FAAC-SLH,FAAC-SLH,1,1,304,168
SynPortal_SlhFix462_2019_fobA_series36_press3.sub,SynPortal,SlhFix462,2019,A,36,3,433.92,FAAC-SLH,FAAC-SLH,1,1,304,168
SynClone_Anso12463_2020_fobA_series36_press1.sub,SynClone,Anso12463,2020,A,36,1,433.92,Ansonic-12,Ansonic-12,1,1,592,74
SynClone_Anso12463_2020_fobA_series36_press2.sub,SynClone,Anso12463,2020,A,36,2,433.92,Ansonic-12,Ansonic-12,1,1,592,74
SynClone_Anso12463_2020_fobA_series36_press3.sub,SynClone,Anso12463,2020,A,36,3,433.92,Ansonic-12,Ansonic-12,1,1,592,74
SynBarrier_Multi10464_2021_fobA_series36_press1.sub,SynBarrier,Multi10464,2021,A,36,1,300.00,Linear-10,Linear-10,1,1,1008,24
SynBarrier_Multi10464_2021_fobA_series36_press2.sub,SynBarrier,Multi10464,2021,A,36,2,300.00,Linear-10,Linear-10,1,1,1008,24
SynBarrier_Multi10464_2021_fobA_series36_press3.sub,SynBarrier,Multi10464,2021,A,36,3,300.00,Linear-10,Linear-10,1,1,1008,24
SynClone_GatePT465_2022_fobA_series36_press1.sub,SynClone,GatePT465,2022,A,36,1,433.92,PT2262,PT2262,1,1,1008,48
SynClone_GatePT465_2022_fobA_series36_press2.sub,SynClone,GatePT465,2022,A,36,2,433.92,PT2262,PT2262,1,1,1008,48
SynClone_GatePT465_2022_fobA_series36_press3.sub,SynClone,GatePT465,2022,A,36,3,433.92,PT2262,PT2262,1,1,1008,48
SynClone_GateEV466_2023_fobA_series36_press1.sub,SynClone,GateEV466,2023,A,36,1,315.00,EV1527,EV1527,1,1,656,40
SynClone_GateEV466_2023_fobA_series36_press2.sub,SynClone,GateEV466,2023,A,36,2,315.00,EV1527,EV1527,1,1,656,40
SynClone_GateEV466_2023_fobA_series36_press3.sub,SynClone,GateEV466,2023,A,36,3,315.00,EV1527,EV1527,1,1,656,40
SynWheel_Sensor20467_2024_fobA_series36_press1.sub,SynWheel,Sensor20467,2024,A,36,1,433.92,TPMS,TPMS,1,1,496,64
SynWheel_Sensor20467_2024_fobA_series36_press2.sub,SynWheel,Sensor20467,2024,A,36,2,433.92,TPMS,TPMS,1,1,496,64
SynWheel_Sensor20467_2024_fobA_series36_press3.sub,SynWheel,Sensor20467,2024,A,36,3,433.92,TPMS,TPMS,1,1,496,64
SynMotors_RollGuard468_2016_fobA_series37_press1.sub,SynMotors,RollGuard468,2016,A,37,1,433.92,KeeLoq-HCS300,KeeLoq-HCS300,1,1,400,156
SynMotors_RollGuard468_2016_fobA_series37_press2.sub,SynMotors,RollGuard468,2016,A,37,2,433.92,KeeLoq-HCS300,KeeLoq-HCS300,1,1,400,156
SynMotors_RollGuard468_2016_fobA_series37_press3.sub,SynMotors,RollGuard468,2016,A,37,3,433.92,KeeLoq-HCS300,KeeLoq-HCS300,1,1,400,156
SynGate_SecPlusII469_2017_fobA_series37_press1.sub,SynGate,SecPlusII469,2017,A,37,1,315.00,Security+2.0,Security+2.0,1,1,240,165
SynGate_SecPlusII469_2017_fobA_series37_press2.sub,SynGate,SecPlusII469,2017,A,37,2,315.00,Security+2.0,Security+2.0,1,1,240,165
SynGate_SecPlusII469_2017_fobA_series37_press3.sub,SynGate,SecPlusII469,2017,A,37,3,315.00,Security+2.0,Security+2.0,1,1,240,165
SynGate_SecPlusI470_2018_fobA_series37_press1.sub,SynGate,SecPlusI470,2018,A,37,1,315.00,Security+1.0,(no-decode),0,0,400,100
SynGate_SecPlusI470_2018_fobA_series37_press2.sub,SynGate,SecPlusI470,2018,A,37,2,315.00,Security+1.0,(no-decode),0,0,400,100
SynGate_SecPlusI470_2018_fobA_series37_press3.sub,SynGate,SecPlusI470,2018,A,37,3,315.00,Security+1.0,(no-decode),0,0,400,100
SynPortal_HanRoll471_2019_fobA_series37_press1.sub,SynPortal,HanRoll471,2019,A,37,1,433.92,DoorHan-Rolling,DoorHan-Rolling,1,1,816,84
SynPortal_HanRoll471_2019_fobA_series37_press2.sub,SynPortal,HanRoll471,2019,A,37,2,433.92,DoorHan-Rolling,DoorHan-Rolling,1,1,816,84
SynPortal_HanRoll471_2019_fobA_series37_press3.sub,SynPortal,HanRoll471,2019,A,37,3,433.92,DoorHan-Rolling,DoorHan-Rolling,1,1,816,84
SynBarrier_Cam12472_2020_fobA_series37_press1.sub,SynBarrier,Cam12472,2020,A,37,1,433.92,CAME-12,CAME-12,1,1,336,34
SynBarrier_Cam12472_2020_fobA_series37_press2.sub,SynBarrier,Cam12472,2020,A,37,2,433.92,CAME-12,CAME-12,1,1,336,34
SynBarrier_Cam12472_2020_fobA_series37_press3.sub,SynBarrier,Cam12472,2020,A,37,3,433.92,CAME-12,CAME-12,1,1,336,34
SynBarrier_FloFix473_2021_fobA_series37_press1.sub,SynBarrier,FloFix473,2021,A,37,1,433.92,Nice-FLO,Nice-FLO,1,1,592,39
SynBarrier_FloFix473_2021_fobA_series37_press2.sub,SynBarrier,FloFix473,2021,A,37,2,433.92,Nice-FLO,Nice-FLO,1,1,592,39
SynBarrier_FloFix473_2021_fobA_series37_press3.sub,SynBarrier,FloFix473,2021,A,37,3,433.92,Nice-FLO,Nice-FLO,1,1,592,39
SynClone_HT6474_2022_fobA_series37_press1.sub,SynClone,HT6474,2022,A,37,1,433.92,Holtek-HT6P20,Holtek-HT6P20,1,1,176,82
SynClone_HT6474_2022_fobA_series37_press2.sub,SynClone,HT6474,2022,A,37,2,433.92,Holtek-HT6P20,Holtek-HT6P20,1,1,176,82
SynClone_HT6474_2022_fobA_series37_press3.sub,SynClone,HT6474,2022,A,37,3,433.92,Holtek-HT6P20,Holtek-HT6P20,1,1,176,82
SynPortal_SlhFix475_2023_fobA_series37_press1.sub,SynPortal,SlhFix475,2023,A,37,1,433.92,FAAC-SLH,FAAC-SLH,1,1,304,168
SynPortal_SlhFix475_2023_fobA_series37_press2.sub,SynPortal,SlhFix475,2023,A,37,2,433.92,FAAC-SLH,FAAC-SLH,1,1,304,168
SynPortal_SlhFix475_2023_fobA_series37_press3.sub,SynPortal,SlhFix475,2023,A,37,3,433.92,FAAC-SLH,FAAC-SLH,1,1,304,168
SynClone_Anso12476_2024_fobA_series37_press1.sub,SynClone,Anso12476,2024,A,37,1,433.92,Ansonic-12,Ansonic-12,1,1,592,74
SynClone_Anso12476_2024_fobA_series37_press2.sub,SynClone,Anso12476,2024,A,37,2,433.92,Ansonic-12,Ansonic-12,1,1,592,74
SynClone_Anso12476_2024_fobA_series37_press3.sub,SynClone,Anso12476,2024,A,37,3,433.92,Ansonic-12,Ansonic-12,1,1,592,74
SynBarrier_Multi10477_2016_fobA_series37_press1.sub,SynBarrier,Multi10477,2016,A,37,1,300.00,Linear-10,Linear-10,1,1,1008,24
SynBarrier_Multi10477_2016_fobA_series37_press2.sub,SynBarrier,Multi10477,2016,A,37,2,300.00,Linear-10,Linear-10,1,1,1008,24
SynBarrier_Multi10477_2016_fobA_series37_press3.sub,SynBarrier,Multi10477,2016,A,37,3,300.00,Linear-10,Linear-10,1,1,1008,24
SynClone_GatePT478_2017_fobA_series37_press1.sub,SynClone,GatePT478,2017,A,37,1,433.92,PT2262,PT2262,1,1,1008,48
SynClone_GatePT478_2017_fobA_series37_press2.sub,SynClone,GatePT478,2017,A,37,2,433.92,PT2262,PT2262,1,1,1008,48
SynClone_GatePT478_2017_fobA_series37_press3.sub,SynClone,GatePT478,2017,A,37,3,433.92,PT2262,PT2262,1,1,1008,48
SynClone_GateEV479_2018_fobA_series37_press1.sub,SynClone,GateEV479,2018,A,37,1,315.00,EV1527,EV1527,1,1,656,40
SynClone_GateEV479_2018_fobA_series37_press2.sub,SynClone,GateEV479,2018,A,37,2,315.00,EV1527,EV1527,1,1,656,40
SynClone_GateEV479_2018_fobA_series37_press3.sub,SynClone,GateEV479,2018,A,37,3,315.00,EV1527,EV1527,1,1,656,40
SynWheel_Sensor20480_2019_fobA_series37_press1.sub,SynWheel,Sensor20480,2019,A,37,1,433.92,TPMS,TPMS,1,1,496,64
SynWheel_Sensor20480_2019_fobA_series37_press2.sub,SynWheel,Sensor20480,2019,A,37,2,433.92,TPMS,TPMS,1,1,496,64
SynWheel_Sensor20480_2019_fobA_series37_press3.sub,SynWheel,Sensor20480,2019,A,37,3,433.92,TPMS,TPMS,1,1,496,64
SynMotors_RollGuard481_2020_fobA_series38_press1.sub,SynMotors,RollGuard481,2020,A,38,1,433.92,KeeLoq-HCS300,KeeLoq-HCS300,1,1,400,156
SynMotors_RollGuard481_2020_fobA_series38_press2.sub,SynMotors,RollGuard481,2020,A,38,2,433.92,KeeLoq-HCS300,KeeLoq-HCS300,1,1,400,156
SynMotors_RollGuard481_2020_fobA_series38_press3.sub,SynMotors,RollGuard481,2020,A,38,3,433.92,KeeLoq-HCS300,KeeLoq-HCS300,1,1,400,156
SynGate_SecPlusII482_2021_fobA_series38_press1.sub,SynGate,SecPlusII482,2021,A,38,1,315.00,Security+2.0,Security+2.0,1,1,240,165
SynGate_SecPlusII482_2021_fobA_series38_press2.sub,SynGate,SecPlusII482,2021,A,38,2,315.00,Security+2.0,Security+2.0,1,1,240,165
SynGate_SecPlusII482_2021_fobA_series38_press3.sub,SynGate,SecPlusII482,2021,A,38,3,315.00,Security+2.0,Security+2.0,1,1,240,165
SynGate_SecPlusI483_2022_fobA_series38_press1.sub,SynGate,SecPlusI483,2022,A,38,1,315.00,Security+1.0,(no-decode),0,0,400,100
SynGate_SecPlusI483_2022_fobA_series38_press2.sub,SynGate,SecPlusI483,2022,A,38,2,315.00,Security+1.0,(no-decode),0,0,400,100
SynGate_SecPlusI483_2022_fobA_series38_press3.sub,SynGate,SecPlusI483,2022,A,38,3,315.00,Security+1.0,(no-decode),0,0,400,100
SynPortal_HanRoll484_2023_fobA_series38_press1.sub,SynPortal,HanRoll484,2023,A,38,1,433.92,DoorHan-Rolling,DoorHan-Rolling,1,1,816,84
SynPortal_HanRoll484_2023_fobA_series38_press2.sub,SynPortal,HanRoll484,2023,A,38,2,433.92,DoorHan-Rolling,DoorHan-Rolling,1,1,816,84
SynPortal_HanRoll484_2023_fobA_series38_press3.sub,SynPortal,HanRoll484,2023,A,38,3,433.92,DoorHan-Rolling,DoorHan-Rolling,1,1,816,84
SynBarrier_Cam12485_2024_fobA_series38_press1.sub,SynBarrier,Cam12485,2024,A,38,1,433.92,CAME-12,CAME-12,1,1,336,34
SynBarrier_Cam12485_2024_fobA_series38_press2.sub,SynBarrier,Cam12485,2024,A,38,2,433.92,CAME-12,CAME-12,1,1,336,34
SynBarrier_Cam12485_2024_fobA_series38_press3.sub,SynBarrier,Cam12485,2024,A,38,3,433.92,CAME-12,CAME-12,1,1,336,34
SynBarrier_FloFix486_2016_fobA_series38_press1.sub,SynBarrier,FloFix486,2016,A,38,1,433.92,Nice-FLO,Nice-FLO,1,1,592,39
SynBarrier_FloFix486_2016_fobA_series38_press2.sub,SynBarrier,FloFix486,2016,A,38,2,433.92,Nice-FLO,Nice-FLO,1,1,592,39
SynBarrier_FloFix486_2016_fobA_series38_press3.sub,SynBarrier,FloFix486,2016,A,38,3,433.92,Nice-FLO,Nice-FLO,1,1,592,39
SynClone_HT6487_2017_fobA_series38_press1.sub,SynClone,HT6487,2017,A,38,1,433.92,Holtek-HT6P20,Holtek-HT6P20,1,1,176,82
SynClone_HT6487_2017_fobA_series38_press2.sub,SynClone,HT6487,2017,A,38,2,433.92,Holtek-HT6P20,Holtek-HT6P20,1,1,176,82
SynClone_HT6487_2017_fobA_series38_press3.sub,SynClone,HT6487,2017,A,38,3,433.92,Holtek-HT6P20,Holtek-HT6P20,1,1,176,82
SynPortal_SlhFix488_2018_fobA_series38_press1.sub,SynPortal,SlhFix488,2018,A,38,1,433.92,FAAC-SLH,FAAC-SLH,1,1,304,168
SynPortal_SlhFix488_2018_fobA_series38_press2.sub,SynPortal,SlhFix488,2018,A,38,2,433.92,FAAC-SLH,FAAC-SLH,1,1,304,168
SynPortal_SlhFix488_2018_fobA_series38_press3.sub,SynPortal,SlhFix488,2018,A,38,3,433.92,FAAC-SLH,FAAC-SLH,1,1,304,168
SynClone_Anso12489_2019_fobA_series38_press1.sub,SynClone,Anso12489,2019,A,38,1,433.92,Ansonic-12,Ansonic-12,1,1,592,74
SynClone_Anso12489_2019_fobA_series38_press2.sub,SynClone,Anso12489,2019,A,38,2,433.92,Ansonic-12,Ansonic-12,1,1,592,74
SynClone_Anso12489_2019_fobA_series38_press3.sub,SynClone,Anso12489,2019,A,38,3,433.92,Ansonic-12,Ansonic-12,1,1,592,74
SynBarrier_Multi10490_2020_fobA_series38_press1.sub,SynBarrier,Multi10490,2020,A,38,1,300.00,Linear-10,Linear-10,1,1,1008,24
SynBarrier_Multi10490_2020_fobA_series38_press2.sub,SynBarrier,Multi10490,2020,A,38,2,300.00,Linear-10,Linear-10,1,1,1008,24
SynBarrier_Multi10490_2020_fobA_series38_press3.sub,SynBarrier,Multi10490,2020,A,38,3,300.00,Linear-10,Linear-10,1,1,1008,24
SynClone_GatePT491_2021_fobA_series38_press1.sub,SynClone,GatePT491,2021,A,38,1,433.92,PT2262,PT2262,1,1,1008,48
SynClone_GatePT491_2021_fobA_series38_press2.sub,SynClone,GatePT491,2021,A,38,2,433.92,PT2262,PT2262,1,1,1008,48
SynClone_GatePT491_2021_fobA_series38_press3.sub,SynClone,GatePT491,2021,A,38,3,433.92,PT2262,PT2262,1,1,1008,48
SynClone_GateEV492_2022_fobA_series38_press1.sub,SynClone,GateEV492,2022,A,38,1,315.00,EV1527,EV1527,1,1,656,40
SynClone_GateEV492_2022_fobA_series38_press2.sub,SynClone,GateEV492,2022,A,38,2,315.00,EV1527,EV1527,1,1,656,40
SynClone_GateEV492_2022_fobA_series38_press3.sub,SynClone,GateEV492,2022,A,38,3,315.00,EV1527,EV1527,1,1,656,40
SynWheel_Sensor20493_2023_fobA_series38_press1.sub,SynWheel,Sensor20493,2023,A,38,1,433.92,TPMS,TPMS,1,1,496,64
SynWheel_Sensor20493_2023_fobA_series38_press2.sub,SynWheel,Sensor20493,2023,A,38,2,433.92,TPMS,TPMS,1,1,496,64
SynWheel_Sensor20493_2023_fobA_series38_press3.sub,SynWheel,Sensor20493,2023,A,38,3,433.92,TPMS,TPMS,1,1,496,64
SynMotors_RollGuard494_2024_fobA_series39_press1.sub,SynMotors,RollGuard494,2024,A,39,1,433.92,KeeLoq-HCS300,KeeLoq-HCS300,1,1,400,156
SynMotors_RollGuard494_2024_fobA_series39_press2.sub,SynMotors,RollGuard494,2024,A,39,2,433.92,KeeLoq-HCS300,KeeLoq-HCS300,1,1,400,156
SynMotors_RollGuard494_2024_fobA_series39_press3.sub,SynMotors,RollGuard494,2024,A,39,3,433.92,KeeLoq-HCS300,KeeLoq-HCS300,1,1,400,156
SynGate_SecPlusII495_2016_fobA_series39_press1.sub,SynGate,SecPlusII495,2016,A,39,1,315.00,Security+2.0,Security+2.0,1,1,240,165
SynGate_SecPlusII495_2016_fobA_series39_press2.sub,SynGate,SecPlusII495,2016,A,39,2,315.00,Security+2.0,Security+2.0,1,1,240,165
SynGate_SecPlusII495_2016_fobA_series39_press3.sub,SynGate,SecPlusII495,2016,A,39,3,315.00,Security+2.0,Security+2.0,1,1,240,165
SynGate_SecPlusI496_2017_fobA_series39_press1.sub,SynGate,SecPlusI496,2017,A,39,1,315.00,Security+1.0,(no-decode),0,0,400,100
SynGate_SecPlusI496_2017_fobA_series39_press2.sub,SynGate,SecPlusI496,2017,A,39,2,315.00,Security+1.0,Security+1.0,1,1,400,100
SynGate_SecPlusI496_2017_fobA_series39_press3.sub,SynGate,SecPlusI496,2017,A,39,3,315.00,Security+1.0,(no-decode),0,0,400,100
SynPortal_HanRoll497_2018_fobA_series39_press1.sub,SynPortal,HanRoll497,2018,A,39,1,433.92,DoorHan-Rolling,DoorHan-Rolling,1,1,816,84
SynPortal_HanRoll497_2018_fobA_series39_press2.sub,SynPortal,HanRoll497,2018,A,39,2,433.92,DoorHan-Rolling,DoorHan-Rolling,1,1,816,84
SynPortal_HanRoll497_2018_fobA_series39_press3.sub,SynPortal,HanRoll497,2018,A,39,3,433.92,DoorHan-Rolling,DoorHan-Rolling,1,1,816,84
SynBarrier_Cam12498_2019_fobA_series39_press1.sub,SynBarrier,Cam12498,2019,A,39,1,433.92,CAME-12,CAME-12,1,1,336,34
SynBarrier_Cam12498_2019_fobA_series39_press2.sub,SynBarrier,Cam12498,2019,A,39,2,433.92,CAME-12,CAME-12,1,1,336,34
SynBarrier_Cam12498_2019_fobA_series39_press3.sub,SynBarrier,Cam12498,2019,A,39,3,433.92,CAME-12,CAME-12,1,1,336,34
SynBarrier_FloFix499_2020_fobA_series39_press1.sub,SynBarrier,FloFix499,2020,A,39,1,433.92,Nice-FLO,Nice-FLO,1,1,592,39
SynBarrier_FloFix499_2020_fobA_series39_press2.sub,SynBarrier,FloFix499,2020,A,39,2,433.92,Nice-FLO,Nice-FLO,1,1,592,39
SynBarrier_FloFix499_2020_fobA_series39_press3.sub,SynBarrier,FloFix499,2020,A,39,3,433.92,Nice-FLO,Nice-FLO,1,1,592,39
